Date,buy,sell,Action
2017-01-01,28,22,buy
2017-01-02,36,14,buy
2017-01-03,35,15,buy
2017-01-04,31,18,buy
2017-01-05,22,28,sell
2017-01-06,19,31,sell
2017-01-07,16,34,sell
2017-01-08,19,31,sell
2017-01-09,21,29,sell
2017-01-10,25,25,neutral
2017-01-11,23,27,sell
2017-01-12,27,23,buy
2017-01-13,27,23,buy
2017-01-14,25,25,neutral
2017-01-15,23,25,sell
2017-01-16,31,19,buy
2017-01-17,32,18,buy
2017-01-18,24,25,sell
2017-01-19,23,26,sell
2017-01-20,24,25,sell
2017-01-21,29,20,buy
2017-01-22,30,19,buy
2017-01-23,29,20,buy
2017-01-24,26,24,buy
2017-01-25,30,20,buy
2017-01-26,31,19,buy
2017-01-27,25,25,neutral
2017-01-28,36,14,buy
2017-01-29,36,14,buy
2017-01-30,40,10,buy
2017-01-31,35,15,buy
2017-02-01,25,25,neutral
2017-02-02,25,25,neutral
2017-02-03,30,19,buy
2017-02-04,20,28,sell
2017-02-05,18,29,sell
2017-02-06,17,30,sell
2017-02-07,27,22,buy
2017-02-08,25,25,neutral
2017-02-09,20,30,sell
2017-02-10,22,28,sell
2017-02-11,27,23,buy
2017-02-12,23,27,sell
2017-02-13,20,30,sell
2017-02-14,31,19,buy
2017-02-15,33,17,buy
2017-02-16,34,16,buy
2017-02-17,30,19,buy
2017-02-18,27,22,buy
2017-02-19,26,24,buy
2017-02-20,24,26,sell
2017-02-21,31,19,buy
2017-02-22,26,24,buy
2017-02-23,29,21,buy
2017-02-24,34,16,buy
2017-02-25,29,21,buy
2017-02-26,36,14,buy
2017-02-27,34,16,buy
2017-02-28,29,21,buy
2017-03-01,32,18,buy
2017-03-02,30,20,buy
2017-03-03,35,15,buy
2017-03-04,24,26,sell
2017-03-05,21,29,sell
2017-03-06,25,25,neutral
2017-03-07,23,27,sell
2017-03-08,23,26,sell
2017-03-09,23,26,sell
2017-03-10,25,24,buy
2017-03-11,29,20,buy
2017-03-12,31,18,buy
2017-03-13,34,16,buy
2017-03-14,27,21,buy
2017-03-15,26,24,buy
2017-03-16,31,19,buy
2017-03-17,30,20,buy
2017-03-18,27,23,buy
2017-03-19,27,23,buy
2017-03-20,26,21,buy
2017-03-21,27,20,buy
2017-03-22,26,23,buy
2017-03-23,21,26,sell
2017-03-24,29,19,buy
2017-03-25,25,23,buy
2017-03-26,24,24,neutral
2017-03-27,25,25,neutral
2017-03-28,30,20,buy
2017-03-29,29,21,buy
2017-03-30,23,27,sell
2017-03-31,21,28,sell
2017-04-01,25,22,buy
2017-04-02,19,30,sell
2017-04-03,21,29,sell
2017-04-04,25,25,neutral
2017-04-05,24,25,sell
2017-04-06,24,25,sell
2017-04-07,25,25,neutral
2017-04-08,27,23,buy
2017-04-09,28,22,buy
2017-04-10,22,28,sell
2017-04-11,26,24,buy
2017-04-12,25,25,neutral
2017-04-13,23,27,sell
2017-04-14,33,17,buy
2017-04-15,31,19,buy
2017-04-16,36,14,buy
2017-04-17,30,20,buy
2017-04-18,28,22,buy
2017-04-19,22,28,sell
2017-04-20,27,23,buy
2017-04-21,21,29,sell
2017-04-22,23,27,sell
2017-04-23,20,30,sell
2017-04-24,28,22,buy
2017-04-25,31,19,buy
2017-04-26,31,19,buy
2017-04-27,28,22,buy
2017-04-28,28,22,buy
2017-04-29,33,17,buy
2017-04-30,26,24,buy
2017-05-01,21,29,sell
2017-05-02,26,24,buy
2017-05-03,25,25,neutral
2017-05-04,35,15,buy
2017-05-05,38,12,buy
2017-05-06,35,15,buy
2017-05-07,31,18,buy
2017-05-08,32,17,buy
2017-05-09,25,24,buy
2017-05-10,29,20,buy
2017-05-11,21,28,sell
2017-05-12,22,27,sell
2017-05-13,18,32,sell
2017-05-14,25,25,neutral
2017-05-15,18,32,sell
2017-05-16,16,33,sell
2017-05-17,21,29,sell
2017-05-18,29,21,buy
2017-05-19,25,25,neutral
2017-05-20,28,22,buy
2017-05-21,32,18,buy
2017-05-22,26,23,buy
2017-05-23,30,19,buy
2017-05-24,29,20,buy
2017-05-25,21,27,sell
2017-05-26,21,27,sell
2017-05-27,22,26,sell
2017-05-28,29,20,buy
2017-05-29,30,19,buy
2017-05-30,38,11,buy
2017-05-31,31,18,buy
2017-06-01,28,21,buy
2017-06-02,32,17,buy
2017-06-03,31,18,buy
2017-06-04,29,20,buy
2017-06-05,34,15,buy
2017-06-06,23,26,sell
2017-06-07,25,24,buy
2017-06-08,30,19,buy
2017-06-09,31,18,buy
2017-06-10,32,17,buy
2017-06-11,30,20,buy
2017-06-12,24,26,sell
2017-06-13,31,19,buy
2017-06-14,20,30,sell
2017-06-15,23,27,sell
2017-06-16,25,25,neutral
2017-06-17,33,17,buy
2017-06-18,35,15,buy
2017-06-19,33,17,buy
2017-06-20,30,19,buy
2017-06-21,20,29,sell
2017-06-22,17,32,sell
2017-06-23,27,22,buy
2017-06-24,13,36,sell
2017-06-25,8,41,sell
2017-06-26,10,39,sell
2017-06-27,14,35,sell
2017-06-28,28,21,buy
2017-06-29,20,29,sell
2017-06-30,14,35,sell
2017-07-01,14,35,sell
2017-07-02,23,26,sell
2017-07-03,28,21,buy
2017-07-04,27,22,buy
2017-07-05,20,29,sell
2017-07-06,23,26,sell
2017-07-07,16,33,sell
2017-07-08,16,33,sell
2017-07-09,16,33,sell
2017-07-10,15,35,sell
2017-07-11,23,27,sell
2017-07-12,28,22,buy
2017-07-13,23,27,sell
2017-07-14,15,35,sell
2017-07-15,17,33,sell
2017-07-16,17,33,sell
2017-07-17,27,23,buy
2017-07-18,32,18,buy
2017-07-19,30,20,buy
2017-07-20,30,20,buy
2017-07-21,27,23,buy
2017-07-22,36,14,buy
2017-07-23,20,30,sell
2017-07-24,27,23,buy
2017-07-25,14,36,sell
2017-07-26,11,39,sell
2017-07-27,16,34,sell
2017-07-28,17,33,sell
2017-07-29,18,32,sell
2017-07-30,17,33,sell
2017-07-31,26,24,buy
2017-08-01,29,21,buy
2017-08-02,23,27,sell
2017-08-03,29,21,buy
2017-08-04,32,18,buy
2017-08-05,40,10,buy
2017-08-06,36,14,buy
2017-08-07,39,11,buy
2017-08-08,40,10,buy
2017-08-09,34,16,buy
2017-08-10,31,19,buy
2017-08-11,29,21,buy
2017-08-12,21,29,sell
2017-08-13,15,35,sell
2017-08-14,21,29,sell
2017-08-15,25,25,neutral
2017-08-16,34,16,buy
2017-08-17,34,16,buy
2017-08-18,23,26,sell
2017-08-19,20,29,sell
2017-08-20,28,21,buy
2017-08-21,22,27,sell
2017-08-22,9,40,sell
2017-08-23,38,11,buy
2017-08-24,33,16,buy
2017-08-25,32,17,buy
2017-08-26,23,26,sell
2017-08-27,21,29,sell
2017-08-28,20,29,sell
2017-08-29,25,24,buy
2017-08-30,27,23,buy
2017-08-31,41,9,buy
2017-09-01,35,15,buy
2017-09-02,19,31,sell
2017-09-03,21,29,sell
2017-09-04,19,31,sell
2017-09-05,21,28,sell
2017-09-06,26,23,buy
2017-09-07,24,25,sell
2017-09-08,8,41,sell
2017-09-09,11,39,sell
2017-09-10,12,38,sell
2017-09-11,28,22,buy
2017-09-12,36,14,buy
2017-09-13,15,35,sell
2017-09-14,19,31,sell
2017-09-15,23,27,sell
2017-09-16,22,28,sell
2017-09-17,20,30,sell
2017-09-18,39,11,buy
2017-09-19,17,32,sell
2017-09-20,22,27,sell
2017-09-21,11,38,sell
2017-09-22,28,21,buy
2017-09-23,30,19,buy
2017-09-24,28,21,buy
2017-09-25,39,10,buy
2017-09-26,34,15,buy
2017-09-27,39,10,buy
2017-09-28,27,22,buy
2017-09-29,16,33,sell
2017-09-30,25,24,buy
2017-10-01,24,25,sell
2017-10-02,15,34,sell
2017-10-03,12,37,sell
2017-10-04,13,36,sell
2017-10-05,18,31,sell
2017-10-06,29,20,buy
2017-10-07,22,27,sell
2017-10-08,22,27,sell
2017-10-09,16,33,sell
2017-10-10,30,19,buy
2017-10-11,36,13,buy
2017-10-12,32,18,buy
2017-10-13,37,13,buy
2017-10-14,28,22,buy
2017-10-15,19,31,sell
2017-10-16,16,34,sell
2017-10-17,15,35,sell
2017-10-18,5,45,sell
2017-10-19,16,34,sell
2017-10-20,24,25,sell
2017-10-21,9,41,sell
2017-10-22,15,33,sell
2017-10-23,6,43,sell
2017-10-24,34,16,buy
2017-10-25,22,28,sell
2017-10-26,26,24,buy
2017-10-27,24,26,sell
2017-10-28,21,29,sell
2017-10-29,35,15,buy
2017-10-30,37,13,buy
2017-10-31,32,18,buy
2017-11-01,23,27,sell
2017-11-02,20,30,sell
2017-11-03,33,17,buy
2017-11-04,31,19,buy
2017-11-05,17,33,sell
2017-11-06,27,21,buy
2017-11-07,38,11,buy
2017-11-08,38,11,buy
2017-11-09,36,12,buy
2017-11-10,18,30,sell
2017-11-11,22,26,sell
2017-11-12,15,34,sell
2017-11-13,32,17,buy
2017-11-14,32,18,buy
2017-11-15,28,22,buy
2017-11-16,33,17,buy
2017-11-17,29,21,buy
2017-11-18,40,10,buy
2017-11-19,32,18,buy
2017-11-20,33,17,buy
2017-11-21,24,26,sell
2017-11-22,32,18,buy
2017-11-23,28,22,buy
2017-11-24,36,14,buy
2017-11-25,44,6,buy
2017-11-26,33,17,buy
2017-11-27,32,18,buy
2017-11-28,32,18,buy
2017-11-29,28,22,buy
2017-11-30,37,13,buy
2017-12-01,41,9,buy
2017-12-02,37,13,buy
2017-12-03,31,19,buy
2017-12-04,34,16,buy
2017-12-05,37,13,buy
2017-12-06,24,26,sell
2017-12-07,21,29,sell
2017-12-08,23,27,sell
2017-12-09,28,22,buy
2017-12-10,18,32,sell
2017-12-11,36,14,buy
2017-12-12,31,19,buy
2017-12-13,31,19,buy
2017-12-14,35,14,buy
2017-12-15,26,23,buy
2017-12-16,42,7,buy
2017-12-17,40,10,buy
2017-12-18,34,16,buy
2017-12-19,34,16,buy
2017-12-20,15,35,sell
2017-12-21,29,21,buy
2017-12-22,25,25,neutral
2017-12-23,24,25,sell
2017-12-24,17,33,sell
2017-12-25,30,20,buy
2017-12-26,29,21,buy
2017-12-27,25,24,buy
2017-12-28,9,40,sell
2017-12-29,17,32,sell
2017-12-30,12,37,sell
2017-12-31,31,19,buy
2018-01-01,37,13,buy
2018-01-02,47,3,buy
2018-01-03,44,6,buy
2018-01-04,32,18,buy
2018-01-05,27,23,buy
2018-01-06,36,14,buy
2018-01-07,28,21,buy
2018-01-08,22,27,sell
2018-01-09,18,31,sell
2018-01-10,13,37,sell
2018-01-11,19,31,sell
2018-01-12,28,22,buy
2018-01-13,34,16,buy
2018-01-14,10,40,sell
2018-01-15,16,34,sell
2018-01-16,24,26,sell
2018-01-17,32,18,buy
2018-01-18,43,7,buy
2018-01-19,42,8,buy
2018-01-20,43,7,buy
2018-01-21,18,32,sell
2018-01-22,8,42,sell
2018-01-23,5,45,sell
2018-01-24,27,23,buy
2018-01-25,27,23,buy
2018-01-26,14,36,sell
2018-01-27,30,20,buy
2018-01-28,26,23,buy
2018-01-29,11,37,sell
2018-01-30,4,42,sell
2018-01-31,6,41,sell
2018-02-01,14,35,sell
2018-02-02,18,31,sell
2018-02-03,23,26,sell
2018-02-04,16,33,sell
2018-02-05,19,31,sell
2018-02-06,24,26,sell
2018-02-07,30,20,buy
2018-02-08,44,6,buy
2018-02-09,45,5,buy
2018-02-10,26,23,buy
2018-02-11,16,34,sell
2018-02-12,37,13,buy
2018-02-13,27,23,buy
2018-02-14,41,8,buy
2018-02-15,42,7,buy
2018-02-16,31,18,buy
2018-02-17,36,13,buy
2018-02-18,14,34,sell
2018-02-19,28,20,buy
2018-02-20,15,34,sell
2018-02-21,10,40,sell
2018-02-22,6,44,sell
2018-02-23,24,26,sell
2018-02-24,16,34,sell
2018-02-25,25,25,neutral
2018-02-26,38,12,buy
2018-02-27,38,12,buy
2018-02-28,22,28,sell
2018-03-01,30,20,buy
2018-03-02,19,31,sell
2018-03-03,23,26,sell
2018-03-04,14,35,sell
2018-03-05,18,31,sell
2018-03-06,6,43,sell
2018-03-07,1,48,sell
2018-03-08,2,47,sell
2018-03-09,3,46,sell
2018-03-10,20,29,sell
2018-03-11,32,17,buy
2018-03-12,19,30,sell
2018-03-13,17,32,sell
2018-03-14,7,42,sell
2018-03-15,6,44,sell
2018-03-16,16,34,sell
2018-03-17,7,43,sell
2018-03-18,4,46,sell
2018-03-19,22,28,sell
2018-03-20,32,17,buy
2018-03-21,36,13,buy
2018-03-22,20,30,sell
2018-03-23,14,36,sell
2018-03-24,20,30,sell
2018-03-25,13,37,sell
2018-03-26,7,43,sell
2018-03-27,7,43,sell
2018-03-28,17,33,sell
2018-03-29,10,40,sell
2018-03-30,15,35,sell
2018-03-31,24,26,sell
2018-04-01,9,41,sell
2018-04-02,39,11,buy
2018-04-03,44,5,buy
2018-04-04,14,35,sell
2018-04-05,12,37,sell
2018-04-06,9,40,sell
2018-04-07,34,16,buy
2018-04-08,39,11,buy
2018-04-09,29,21,buy
2018-04-10,29,21,buy
2018-04-11,41,9,buy
2018-04-12,45,4,buy
2018-04-13,43,7,buy
2018-04-14,40,10,buy
2018-04-15,34,15,buy
2018-04-16,22,28,sell
2018-04-17,34,16,buy
2018-04-18,38,12,buy
2018-04-19,41,9,buy
2018-04-20,39,11,buy
2018-04-21,26,24,buy
2018-04-22,40,10,buy
2018-04-23,42,8,buy
2018-04-24,46,4,buy
2018-04-25,15,35,sell
2018-04-26,32,18,buy
2018-04-27,28,22,buy
2018-04-28,40,10,buy
2018-04-29,38,12,buy
2018-04-30,20,30,sell
2018-05-01,20,30,sell
2018-05-02,35,14,buy
2018-05-03,34,15,buy
2018-05-04,25,24,buy
2018-05-05,24,25,sell
2018-05-06,9,40,sell
2018-05-07,9,40,sell
2018-05-08,19,30,sell
2018-05-09,12,37,sell
2018-05-10,14,36,sell
2018-05-11,6,44,sell
2018-05-12,12,38,sell
2018-05-13,34,16,buy
2018-05-14,24,26,sell
2018-05-15,19,31,sell
2018-05-16,6,44,sell
2018-05-17,12,38,sell
2018-05-18,20,30,sell
2018-05-19,29,21,buy
2018-05-20,32,18,buy
2018-05-21,14,36,sell
2018-05-22,4,46,sell
2018-05-23,4,46,sell
2018-05-24,14,36,sell
2018-05-25,10,40,sell
2018-05-26,17,33,sell
2018-05-27,10,40,sell
2018-05-28,6,43,sell
2018-05-29,28,21,buy
2018-05-30,33,16,buy
2018-05-31,43,7,buy
2018-06-01,37,13,buy
2018-06-02,40,10,buy
2018-06-03,31,18,buy
2018-06-04,14,35,sell
2018-06-05,13,36,sell
2018-06-06,17,32,sell
2018-06-07,22,27,sell
2018-06-08,20,29,sell
2018-06-09,19,31,sell
2018-06-10,7,42,sell
2018-06-11,7,42,sell
2018-06-12,9,41,sell
2018-06-13,5,45,sell
2018-06-14,25,25,neutral
2018-06-15,28,22,buy
2018-06-16,21,29,sell
2018-06-17,24,26,sell
2018-06-18,29,21,buy
2018-06-19,25,25,neutral
2018-06-20,24,25,sell
2018-06-21,17,32,sell
2018-06-22,5,44,sell
2018-06-23,11,39,sell
2018-06-24,3,47,sell
2018-06-25,17,33,sell
2018-06-26,5,45,sell
2018-06-27,13,37,sell
2018-06-28,13,37,sell
2018-06-29,31,19,buy
2018-06-30,44,6,buy
2018-07-01,37,13,buy
2018-07-02,46,3,buy
2018-07-03,37,13,buy
2018-07-04,39,11,buy
2018-07-05,21,28,sell
2018-07-06,22,27,sell
2018-07-07,24,25,sell
2018-07-08,23,26,sell
2018-07-09,8,41,sell
2018-07-10,4,45,sell
2018-07-11,14,35,sell
2018-07-12,9,40,sell
2018-07-13,30,19,buy
2018-07-14,28,21,buy
2018-07-15,41,8,buy
2018-07-16,47,1,buy
2018-07-17,45,3,buy
2018-07-18,36,12,buy
2018-07-19,26,22,buy
2018-07-20,17,32,sell
2018-07-21,28,21,buy
2018-07-22,29,21,buy
2018-07-23,27,23,buy
2018-07-24,35,15,buy
2018-07-25,30,20,buy
2018-07-26,23,27,sell
2018-07-27,24,26,sell
2018-07-28,26,24,buy
2018-07-29,15,35,sell
2018-07-30,6,44,sell
2018-07-31,5,44,sell
2018-08-01,6,43,sell
2018-08-02,11,37,sell
2018-08-03,9,39,sell
2018-08-04,5,44,sell
2018-08-05,13,36,sell
2018-08-06,20,30,sell
2018-08-07,14,36,sell
2018-08-08,5,45,sell
2018-08-09,18,32,sell
2018-08-10,7,43,sell
2018-08-11,7,43,sell
2018-08-12,17,33,sell
2018-08-13,7,42,sell
2018-08-14,9,39,sell
2018-08-15,29,16,buy
2018-08-16,36,10,buy
2018-08-17,40,6,buy
2018-08-18,26,23,buy
2018-08-19,31,19,buy
2018-08-20,10,40,sell
2018-08-21,23,26,sell
2018-08-22,24,25,sell
2018-08-23,32,18,buy
2018-08-24,39,11,buy
2018-08-25,28,22,buy
2018-08-26,22,28,sell
2018-08-27,44,6,buy
2018-08-28,44,6,buy
2018-08-29,30,20,buy
2018-08-30,10,38,sell
2018-08-31,30,18,buy
2018-09-01,40,8,buy
2018-09-02,30,20,buy
2018-09-03,21,29,sell
2018-09-04,27,23,buy
2018-09-05,4,46,sell
2018-09-06,8,42,sell
2018-09-07,6,44,sell
2018-09-08,10,40,sell
2018-09-09,25,25,neutral
2018-09-10,24,26,sell
2018-09-11,14,36,sell
2018-09-12,13,37,sell
2018-09-13,35,15,buy
2018-09-14,33,17,buy
2018-09-15,36,14,buy
2018-09-16,19,31,sell
2018-09-17,10,39,sell
2018-09-18,25,24,buy
2018-09-19,32,16,buy
2018-09-20,46,2,buy
2018-09-21,49,1,buy
2018-09-22,31,19,buy
2018-09-23,28,22,buy
2018-09-24,19,31,sell
2018-09-25,12,38,sell
2018-09-26,22,28,sell
2018-09-27,40,10,buy
2018-09-28,30,20,buy
2018-09-29,14,35,sell
2018-09-30,14,35,sell
2018-10-01,16,34,sell
2018-10-02,22,28,sell
2018-10-03,17,33,sell
2018-10-04,25,25,neutral
2018-10-05,33,15,buy
2018-10-06,23,25,sell
2018-10-07,30,18,buy
2018-10-08,38,10,buy
2018-10-09,29,19,buy
2018-10-10,18,31,sell
2018-10-11,8,41,sell
2018-10-12,22,26,sell
2018-10-13,18,30,sell
2018-10-14,27,21,buy
2018-10-15,44,4,buy
2018-10-16,40,8,buy
2018-10-17,31,17,buy
2018-10-18,28,21,buy
2018-10-19,24,25,sell
2018-10-20,27,22,buy
2018-10-21,26,23,buy
2018-10-22,29,21,buy
2018-10-23,22,28,sell
2018-10-24,29,21,buy
2018-10-25,16,34,sell
2018-10-26,19,31,sell
2018-10-27,21,29,sell
2018-10-28,28,22,buy
2018-10-29,12,38,sell
2018-10-30,19,31,sell
2018-10-31,26,24,buy
2018-11-01,36,14,buy
2018-11-02,32,18,buy
2018-11-03,27,23,buy
2018-11-04,34,16,buy
2018-11-05,36,14,buy
2018-11-06,41,9,buy
2018-11-07,32,17,buy
2018-11-08,24,25,sell
2018-11-09,16,34,sell
2018-11-10,22,28,sell
2018-11-11,20,30,sell
2018-11-12,20,30,sell
2018-11-13,13,37,sell
2018-11-14,4,46,sell
2018-11-15,2,48,sell
2018-11-16,7,43,sell
2018-11-17,9,41,sell
2018-11-18,13,36,sell
2018-11-19,6,43,sell
2018-11-20,6,43,sell
2018-11-21,15,34,sell
2018-11-22,8,42,sell
2018-11-23,9,41,sell
2018-11-24,1,49,sell
2018-11-25,8,42,sell
2018-11-26,13,37,sell
2018-11-27,19,31,sell
2018-11-28,40,10,buy
2018-11-29,31,19,buy
2018-11-30,13,37,sell
2018-12-01,25,25,neutral
2018-12-02,25,25,neutral
2018-12-03,7,43,sell
2018-12-04,16,34,sell
2018-12-05,6,44,sell
2018-12-06,2,48,sell
2018-12-07,7,43,sell
2018-12-08,24,26,sell
2018-12-09,33,17,buy
2018-12-10,15,35,sell
2018-12-11,13,37,sell
2018-12-12,21,29,sell
2018-12-13,6,44,sell
2018-12-14,4,46,sell
2018-12-15,23,26,sell
2018-12-16,41,8,buy
2018-12-17,47,2,buy
2018-12-18,39,10,buy
2018-12-19,44,5,buy
2018-12-20,41,8,buy
2018-12-21,30,19,buy
2018-12-22,31,18,buy
2018-12-23,41,8,buy
2018-12-24,41,8,buy
2018-12-25,12,37,sell
2018-12-26,11,38,sell
2018-12-27,5,44,sell
2018-12-28,37,13,buy
2018-12-29,34,16,buy
2018-12-30,25,25,neutral
2018-12-31,20,30,sell
2019-01-01,30,20,buy
2019-01-02,44,6,buy
2019-01-03,26,24,buy
2019-01-04,28,22,buy
2019-01-05,38,12,buy
2019-01-06,39,11,buy
2019-01-07,27,22,buy
2019-01-08,36,13,buy
2019-01-09,34,15,buy
2019-01-10,8,41,sell
2019-01-11,15,34,sell
2019-01-12,15,34,sell
2019-01-13,10,38,sell
2019-01-14,35,13,buy
2019-01-15,20,29,sell
2019-01-16,34,15,buy
2019-01-17,38,11,buy
2019-01-18,26,23,buy
2019-01-19,33,16,buy
2019-01-20,14,35,sell
2019-01-21,11,38,sell
2019-01-22,23,26,sell
2019-01-23,30,19,buy
2019-01-24,29,20,buy
2019-01-25,21,27,sell
2019-01-26,20,28,sell
2019-01-27,7,41,sell
2019-01-28,2,46,sell
2019-01-29,12,36,sell
2019-01-30,23,26,sell
2019-01-31,20,30,sell
2019-02-01,26,24,buy
2019-02-02,31,19,buy
2019-02-03,19,31,sell
2019-02-04,24,26,sell
2019-02-05,25,25,neutral
2019-02-06,26,24,buy
2019-02-07,37,13,buy
2019-02-08,44,6,buy
2019-02-09,41,7,buy
2019-02-10,34,14,buy
2019-02-11,30,18,buy
2019-02-12,23,25,sell
2019-02-13,25,24,buy
2019-02-14,20,29,sell
2019-02-15,28,21,buy
2019-02-16,34,16,buy
2019-02-17,41,9,buy
2019-02-18,48,2,buy
2019-02-19,41,9,buy
2019-02-20,41,9,buy
2019-02-21,23,27,sell
2019-02-22,28,22,buy
2019-02-23,32,18,buy
2019-02-24,12,38,sell
2019-02-25,18,32,sell
2019-02-26,18,32,sell
2019-02-27,19,31,sell
2019-02-28,31,19,buy
2019-03-01,31,19,buy
2019-03-02,28,22,buy
2019-03-03,15,35,sell
2019-03-04,17,33,sell
2019-03-05,35,15,buy
2019-03-06,37,13,buy
2019-03-07,38,12,buy
2019-03-08,31,19,buy
2019-03-09,40,10,buy
2019-03-10,30,20,buy
2019-03-11,25,25,neutral
2019-03-12,28,22,buy
2019-03-13,22,28,sell
2019-03-14,29,20,buy
2019-03-15,35,14,buy
2019-03-16,38,11,buy
2019-03-17,36,13,buy
2019-03-18,33,16,buy
2019-03-19,30,19,buy
2019-03-20,22,27,sell
2019-03-21,16,33,sell
2019-03-22,21,28,sell
2019-03-23,33,16,buy
2019-03-24,28,21,buy
2019-03-25,22,27,sell
2019-03-26,28,21,buy
2019-03-27,42,7,buy
2019-03-28,36,13,buy
2019-03-29,39,10,buy
2019-03-30,40,9,buy
2019-03-31,40,9,buy
2019-04-01,46,3,buy
2019-04-02,48,2,buy
2019-04-03,35,15,buy
2019-04-04,30,20,buy
2019-04-05,34,16,buy
2019-04-06,32,18,buy
2019-04-07,33,17,buy
2019-04-08,22,28,sell
2019-04-09,20,30,sell
2019-04-10,16,34,sell
2019-04-11,8,42,sell
2019-04-12,13,37,sell
2019-04-13,19,31,sell
2019-04-14,23,27,sell
2019-04-15,17,33,sell
2019-04-16,22,28,sell
2019-04-17,30,20,buy
2019-04-18,31,17,buy
2019-04-19,24,24,neutral
2019-04-20,25,25,neutral
2019-04-21,15,35,sell
2019-04-22,18,32,sell
2019-04-23,11,39,sell
2019-04-24,10,40,sell
2019-04-25,5,45,sell
2019-04-26,18,32,sell
2019-04-27,17,32,sell
2019-04-28,21,29,sell
2019-04-29,20,28,sell
2019-04-30,32,16,buy
2019-05-01,31,17,buy
2019-05-02,30,19,buy
2019-05-03,35,14,buy
2019-05-04,21,28,sell
2019-05-05,16,33,sell
2019-05-06,14,35,sell
2019-05-07,20,30,sell
2019-05-08,21,29,sell
2019-05-09,18,32,sell
2019-05-10,36,14,buy
2019-05-11,48,2,buy
2019-05-12,33,17,buy
2019-05-13,40,10,buy
2019-05-14,46,4,buy
2019-05-15,47,3,buy
2019-05-16,27,22,buy
2019-05-17,13,36,sell
2019-05-18,20,29,sell
2019-05-19,41,9,buy
2019-05-20,24,26,sell
2019-05-21,25,25,neutral
2019-05-22,16,34,sell
2019-05-23,19,31,sell
2019-05-24,38,12,buy
2019-05-25,35,15,buy
2019-05-26,32,18,buy
2019-05-27,42,7,buy
2019-05-28,27,22,buy
2019-05-29,18,32,sell
2019-05-30,13,37,sell
2019-05-31,20,30,sell
2019-06-01,28,22,buy
2019-06-02,30,20,buy
2019-06-03,8,42,sell
2019-06-04,6,43,sell
2019-06-05,14,32,sell
2019-06-06,22,28,sell
2019-06-07,37,13,buy
2019-06-08,29,21,buy
2019-06-09,7,43,sell
2019-06-10,30,20,buy
2019-06-11,33,17,buy
2019-06-12,38,12,buy
2019-06-13,33,17,buy
2019-06-14,29,21,buy
2019-06-15,37,12,buy
2019-06-16,34,15,buy
2019-06-17,32,16,buy
2019-06-18,23,25,sell
2019-06-19,25,24,buy
2019-06-20,26,23,buy
2019-06-21,36,13,buy
2019-06-22,39,10,buy
2019-06-23,27,22,buy
2019-06-24,21,28,sell
2019-06-25,25,24,buy
2019-06-26,21,28,sell
2019-06-27,15,34,sell
2019-06-28,24,25,sell
2019-06-29,18,31,sell
2019-06-30,15,34,sell
2019-07-01,9,40,sell
2019-07-02,7,42,sell
2019-07-03,21,28,sell
2019-07-04,22,27,sell
2019-07-05,19,31,sell
2019-07-06,33,17,buy
2019-07-07,36,14,buy
2019-07-08,35,15,buy
2019-07-09,14,36,sell
2019-07-10,13,37,sell
2019-07-11,7,43,sell
2019-07-12,22,28,sell
2019-07-13,5,45,sell
2019-07-14,5,44,sell
2019-07-15,12,37,sell
2019-07-16,5,44,sell
2019-07-17,23,26,sell
2019-07-18,34,15,buy
2019-07-19,29,20,buy
2019-07-20,36,13,buy
2019-07-21,20,29,sell
2019-07-22,9,40,sell
2019-07-23,8,41,sell
2019-07-24,15,34,sell
2019-07-25,22,27,sell
2019-07-26,17,32,sell
2019-07-27,11,38,sell
2019-07-28,10,39,sell
2019-07-29,10,39,sell
2019-07-30,16,32,sell
2019-07-31,29,20,buy
2019-08-01,24,25,sell
2019-08-02,23,26,sell
2019-08-03,23,26,sell
2019-08-04,32,17,buy
2019-08-05,35,13,buy
2019-08-06,18,30,sell
2019-08-07,18,32,sell
2019-08-08,14,36,sell
2019-08-09,15,35,sell
2019-08-10,24,26,sell
2019-08-11,35,15,buy
2019-08-12,22,27,sell
2019-08-13,6,43,sell
2019-08-14,4,45,sell
2019-08-15,16,33,sell
2019-08-16,17,32,sell
2019-08-17,17,32,sell
2019-08-18,37,12,buy
2019-08-19,35,15,buy
2019-08-20,17,33,sell
2019-08-21,4,46,sell
2019-08-22,24,26,sell
2019-08-23,33,17,buy
2019-08-24,16,34,sell
2019-08-25,8,42,sell
2019-08-26,23,27,sell
2019-08-27,14,36,sell
2019-08-28,3,47,sell
2019-08-29,1,49,sell
2019-08-30,22,28,sell
2019-08-31,21,29,sell
2019-09-01,26,24,buy
2019-09-02,40,10,buy
2019-09-03,38,12,buy
2019-09-04,24,26,sell
2019-09-05,17,33,sell
2019-09-06,23,27,sell
2019-09-07,38,12,buy
2019-09-08,31,19,buy
2019-09-09,24,26,sell
2019-09-10,23,27,sell
2019-09-11,9,41,sell
2019-09-12,21,29,sell
2019-09-13,28,22,buy
2019-09-14,34,16,buy
2019-09-15,27,22,buy
2019-09-16,30,19,buy
2019-09-17,38,11,buy
2019-09-18,40,9,buy
2019-09-19,24,25,sell
2019-09-20,22,28,sell
2019-09-21,24,26,sell
2019-09-22,13,37,sell
2019-09-23,8,42,sell
2019-09-24,14,36,sell
2019-09-25,19,31,sell
2019-09-26,9,41,sell
2019-09-27,19,31,sell
2019-09-28,23,27,sell
2019-09-29,19,30,sell
2019-09-30,31,18,buy
2019-10-01,39,10,buy
2019-10-02,25,24,buy
2019-10-03,24,25,sell
2019-10-04,28,21,buy
2019-10-05,20,30,sell
2019-10-06,23,27,sell
2019-10-07,34,16,buy
2019-10-08,37,13,buy
2019-10-09,37,12,buy
2019-10-10,25,24,buy
2019-10-11,17,33,sell
2019-10-12,21,29,sell
2019-10-13,27,22,buy
2019-10-14,32,17,buy
2019-10-15,15,33,sell
2019-10-16,6,43,sell
2019-10-17,25,24,buy
2019-10-18,25,24,buy
2019-10-19,25,24,buy
2019-10-20,42,7,buy
2019-10-21,30,19,buy
2019-10-22,18,31,sell
2019-10-23,8,41,sell
2019-10-24,22,27,sell
2019-10-25,42,7,buy
2019-10-26,37,12,buy
2019-10-27,37,12,buy
2019-10-28,35,14,buy
2019-10-29,24,25,sell
2019-10-30,17,32,sell
2019-10-31,22,27,sell
2019-11-01,24,25,sell
2019-11-02,29,20,buy
2019-11-03,24,25,sell
2019-11-04,36,14,buy
2019-11-05,39,11,buy
2019-11-06,39,11,buy
2019-11-07,18,32,sell
2019-11-08,9,41,sell
2019-11-09,26,24,buy
2019-11-10,32,18,buy
2019-11-11,27,23,buy
2019-11-12,23,27,sell
2019-11-13,23,27,sell
2019-11-14,16,33,sell
2019-11-15,12,37,sell
2019-11-16,23,26,sell
2019-11-17,27,23,buy
2019-11-18,8,41,sell
2019-11-19,5,44,sell
2019-11-20,8,41,sell
2019-11-21,4,46,sell
2019-11-22,2,48,sell
2019-11-23,17,33,sell
2019-11-24,10,40,sell
2019-11-25,8,42,sell
2019-11-26,28,22,buy
2019-11-27,34,16,buy
2019-11-28,34,16,buy
2019-11-29,42,8,buy
2019-11-30,18,32,sell
2019-12-01,7,42,sell
2019-12-02,8,41,sell
2019-12-03,10,39,sell
2019-12-04,12,38,sell
2019-12-05,34,16,buy
2019-12-06,36,14,buy
2019-12-07,32,18,buy
2019-12-08,24,26,sell
2019-12-09,18,32,sell
2019-12-10,16,34,sell
2019-12-11,18,32,sell
2019-12-12,13,37,sell
2019-12-13,24,26,sell
2019-12-14,15,35,sell
2019-12-15,13,37,sell
2019-12-16,5,43,sell
2019-12-17,6,43,sell
2019-12-18,25,24,buy
2019-12-19,23,26,sell
2019-12-20,25,24,buy
2019-12-21,23,26,sell
2019-12-22,28,21,buy
2019-12-23,19,30,sell
2019-12-24,26,23,buy
2019-12-25,16,33,sell
2019-12-26,28,21,buy
2019-12-27,35,14,buy
2019-12-28,40,8,buy
2019-12-29,39,9,buy
2019-12-30,22,28,sell
2019-12-31,13,37,sell
2020-01-01,27,23,buy
2020-01-02,17,33,sell
2020-01-03,35,15,buy
2020-01-04,39,11,buy
2020-01-05,39,11,buy
2020-01-06,43,7,buy
2020-01-07,31,19,buy
2020-01-08,29,21,buy
2020-01-09,25,25,neutral
2020-01-10,35,15,buy
2020-01-11,37,13,buy
2020-01-12,41,9,buy
2020-01-13,37,13,buy
2020-01-14,39,11,buy
2020-01-15,36,14,buy
2020-01-16,24,26,sell
2020-01-17,36,14,buy
2020-01-18,24,26,sell
2020-01-19,15,35,sell
2020-01-20,23,26,sell
2020-01-21,33,17,buy
2020-01-22,26,24,buy
2020-01-23,7,42,sell
2020-01-24,5,44,sell
2020-01-25,11,38,sell
2020-01-26,36,13,buy
2020-01-27,42,7,buy
2020-01-28,37,12,buy
2020-01-29,33,16,buy
2020-01-30,34,15,buy
2020-01-31,29,20,buy
2020-02-01,34,15,buy
2020-02-02,28,21,buy
2020-02-03,33,16,buy
2020-02-04,32,17,buy
2020-02-05,40,9,buy
2020-02-06,42,7,buy
2020-02-07,40,8,buy
2020-02-08,31,18,buy
2020-02-09,40,7,buy
2020-02-10,27,20,buy
2020-02-11,40,8,buy
2020-02-12,44,4,buy
2020-02-13,25,23,buy
2020-02-14,19,29,sell
2020-02-15,6,42,sell
2020-02-16,8,40,sell
2020-02-17,7,41,sell
2020-02-18,22,28,sell
2020-02-19,14,36,sell
2020-02-20,10,40,sell
2020-02-21,26,24,buy
2020-02-22,26,24,buy
2020-02-23,25,25,neutral
2020-02-24,12,38,sell
2020-02-25,10,40,sell
2020-02-26,5,45,sell
2020-02-27,14,35,sell
2020-02-28,12,38,sell
2020-02-29,25,25,neutral
2020-03-01,28,22,buy
2020-03-02,42,8,buy
2020-03-03,36,14,buy
2020-03-04,37,13,buy
2020-03-05,41,9,buy
2020-03-06,33,17,buy
2020-03-07,9,41,sell
2020-03-08,6,44,sell
2020-03-09,9,40,sell
2020-03-10,19,30,sell
2020-03-11,11,38,sell
2020-03-12,15,34,sell
2020-03-13,26,23,buy
2020-03-14,22,27,sell
2020-03-15,31,19,buy
2020-03-16,14,36,sell
2020-03-17,27,23,buy
2020-03-18,36,14,buy
2020-03-19,45,5,buy
2020-03-20,33,17,buy
2020-03-21,30,20,buy
2020-03-22,15,35,sell
2020-03-23,30,20,buy
2020-03-24,39,11,buy
2020-03-25,31,18,buy
2020-03-26,24,25,sell
2020-03-27,18,31,sell
2020-03-28,3,46,sell
2020-03-29,5,44,sell
2020-03-30,28,20,buy
2020-03-31,42,7,buy
2020-04-01,28,21,buy
2020-04-02,41,8,buy
2020-04-03,38,11,buy
2020-04-04,35,14,buy
2020-04-05,30,19,buy
2020-04-06,43,6,buy
2020-04-07,41,8,buy
2020-04-08,44,5,buy
2020-04-09,33,16,buy
2020-04-10,7,42,sell
2020-04-11,18,31,sell
2020-04-12,29,20,buy
2020-04-13,12,37,sell
2020-04-14,20,29,sell
2020-04-15,20,29,sell
2020-04-16,36,12,buy
2020-04-17,39,11,buy
2020-04-18,37,13,buy
2020-04-19,33,17,buy
2020-04-20,13,37,sell
2020-04-21,21,29,sell
2020-04-22,37,13,buy
2020-04-23,41,9,buy
2020-04-24,43,7,buy
2020-04-25,36,14,buy
2020-04-26,35,14,buy
2020-04-27,30,19,buy
2020-04-28,33,16,buy
2020-04-29,42,7,buy
2020-04-30,23,27,sell
2020-05-01,27,22,buy
2020-05-02,31,19,buy
2020-05-03,21,29,sell
2020-05-04,13,37,sell
2020-05-05,17,33,sell
2020-05-06,32,18,buy
2020-05-07,38,12,buy
2020-05-08,43,7,buy
2020-05-09,37,13,buy
2020-05-10,4,45,sell
2020-05-11,4,45,sell
2020-05-12,28,21,buy
2020-05-13,38,11,buy
2020-05-14,33,16,buy
2020-05-15,34,15,buy
2020-05-16,32,17,buy
2020-05-17,40,9,buy
2020-05-18,44,6,buy
2020-05-19,36,14,buy
2020-05-20,19,31,sell
2020-05-21,6,44,sell
2020-05-22,18,32,sell
2020-05-23,12,38,sell
2020-05-24,14,36,sell
2020-05-25,24,26,sell
2020-05-26,28,22,buy
2020-05-27,38,12,buy
2020-05-28,44,6,buy
2020-05-29,40,9,buy
2020-05-30,42,7,buy
2020-05-31,28,22,buy
2020-06-01,40,10,buy
2020-06-02,29,21,buy
2020-06-03,27,23,buy
2020-06-04,28,22,buy
2020-06-05,29,21,buy
2020-06-06,21,29,sell
2020-06-07,15,35,sell
2020-06-08,25,25,neutral
2020-06-09,22,28,sell
2020-06-10,16,34,sell
2020-06-11,5,45,sell
2020-06-12,20,30,sell
2020-06-13,24,26,sell
2020-06-14,21,29,sell
2020-06-15,8,42,sell
2020-06-16,26,24,buy
2020-06-17,24,26,sell
2020-06-18,23,27,sell
2020-06-19,24,26,sell
2020-06-20,28,22,buy
2020-06-21,36,14,buy
2020-06-22,37,11,buy
2020-06-23,34,14,buy
2020-06-24,17,30,sell
2020-06-25,16,33,sell
2020-06-26,10,38,sell
2020-06-27,5,44,sell
2020-06-28,18,31,sell
2020-06-29,24,25,sell
2020-06-30,27,22,buy
2020-07-01,31,18,buy
2020-07-02,25,24,buy
2020-07-03,26,23,buy
2020-07-04,35,15,buy
2020-07-05,31,19,buy
2020-07-06,34,16,buy
2020-07-07,35,15,buy
2020-07-08,42,8,buy
2020-07-09,28,22,buy
2020-07-10,19,31,sell
2020-07-11,28,22,buy
2020-07-12,31,19,buy
2020-07-13,27,23,buy
2020-07-14,23,27,sell
2020-07-15,18,32,sell
2020-07-16,11,39,sell
2020-07-17,21,29,sell
2020-07-18,25,24,buy
2020-07-19,26,24,buy
2020-07-20,13,37,sell
2020-07-21,31,19,buy
2020-07-22,42,8,buy
2020-07-23,33,17,buy
2020-07-24,32,17,buy
2020-07-25,39,10,buy
2020-07-26,30,19,buy
2020-07-27,27,22,buy
2020-07-28,36,13,buy
2020-07-29,39,10,buy
2020-07-30,33,16,buy
2020-07-31,37,12,buy
2020-08-01,38,11,buy
2020-08-02,20,29,sell
2020-08-03,34,15,buy
2020-08-04,36,13,buy
2020-08-05,38,11,buy
2020-08-06,36,13,buy
2020-08-07,18,31,sell
2020-08-08,29,20,buy
2020-08-09,22,27,sell
2020-08-10,26,24,buy
2020-08-11,7,42,sell
2020-08-12,17,32,sell
2020-08-13,25,25,neutral
2020-08-14,29,21,buy
2020-08-15,31,19,buy
2020-08-16,26,24,buy
2020-08-17,28,22,buy
2020-08-18,30,20,buy
2020-08-19,29,21,buy
2020-08-20,32,18,buy
2020-08-21,28,22,buy
2020-08-22,29,21,buy
2020-08-23,24,26,sell
2020-08-24,25,24,buy
2020-08-25,22,27,sell
2020-08-26,17,32,sell
2020-08-27,23,26,sell
2020-08-28,23,26,sell
2020-08-29,24,25,sell
2020-08-30,25,25,neutral
2020-08-31,22,28,sell
2020-09-01,21,29,sell
2020-09-02,24,26,sell
2020-09-03,26,24,buy
2020-09-04,24,26,sell
2020-09-05,28,22,buy
2020-09-06,31,19,buy
2020-09-07,28,22,buy
2020-09-08,25,25,neutral
2020-09-09,21,29,sell
2020-09-10,29,20,buy
2020-09-11,28,21,buy
2020-09-12,22,27,sell
2020-09-13,19,31,sell
2020-09-14,22,28,sell
2020-09-15,25,25,neutral
2020-09-16,24,26,sell
2020-09-17,19,31,sell
2020-09-18,24,26,sell
2020-09-19,22,28,sell
2020-09-20,20,30,sell
2020-09-21,18,32,sell
2020-09-22,18,32,sell
2020-09-23,22,28,sell
2020-09-24,24,25,sell
2020-09-25,17,32,sell
2020-09-26,27,22,buy
2020-09-27,29,20,buy
2020-09-28,28,21,buy
2020-09-29,32,17,buy
2020-09-30,26,23,buy
2020-10-01,33,16,buy
2020-10-02,23,26,sell
2020-10-03,26,24,buy
2020-10-04,25,25,neutral
2020-10-05,29,21,buy
2020-10-06,28,22,buy
2020-10-07,29,21,buy
2020-10-08,33,17,buy
2020-10-09,27,23,buy
2020-10-10,24,26,sell
2020-10-11,27,23,buy
2020-10-12,31,19,buy
2020-10-13,25,25,neutral
2020-10-14,23,27,sell
2020-10-15,25,23,buy
2020-10-16,25,24,buy
2020-10-17,24,26,sell
2020-10-18,26,24,buy
2020-10-19,24,26,sell
2020-10-20,22,28,sell
2020-10-21,19,31,sell
2020-10-22,25,25,neutral
2020-10-23,27,22,buy
2020-10-24,22,27,sell
2020-10-25,21,28,sell
2020-10-26,28,21,buy
2020-10-27,25,24,buy
2020-10-28,31,17,buy
2020-10-29,24,25,sell
2020-10-30,19,30,sell
2020-10-31,26,23,buy
2020-11-01,22,27,sell
2020-11-02,28,21,buy
2020-11-03,27,23,buy
2020-11-04,30,20,buy
2020-11-05,30,19,buy
2020-11-06,29,19,buy
2020-11-07,29,19,buy
2020-11-08,21,27,sell
2020-11-09,26,22,buy
2020-11-10,31,18,buy
2020-11-11,26,24,buy
2020-11-12,30,19,buy
2020-11-13,25,24,buy
2020-11-14,23,26,sell
2020-11-15,29,21,buy
2020-11-16,22,28,sell
2020-11-17,23,27,sell
2020-11-18,24,26,sell
2020-11-19,25,25,neutral
2020-11-20,26,24,buy
2020-11-21,26,24,buy
2020-11-22,23,27,sell
2020-11-23,24,26,sell
2020-11-24,25,25,neutral
2020-11-25,22,28,sell
2020-11-26,26,24,buy
2020-11-27,19,31,sell
2020-11-28,21,28,sell
2020-11-29,19,30,sell
2020-11-30,34,15,buy
2020-12-01,27,23,buy
2020-12-02,27,23,buy
2020-12-03,32,18,buy
2020-12-04,15,35,sell
2020-12-05,19,31,sell
2020-12-06,28,22,buy
2020-12-07,24,26,sell
2020-12-08,30,20,buy
2020-12-09,18,32,sell
2020-12-10,29,21,buy
2020-12-11,21,29,sell
2020-12-12,25,25,neutral
2020-12-13,25,25,neutral
2020-12-14,27,23,buy
2020-12-15,31,19,buy
2020-12-16,25,25,neutral
2020-12-17,31,19,buy
2020-12-18,26,24,buy
2020-12-19,27,23,buy
2020-12-20,27,23,buy
2020-12-21,27,23,buy
2020-12-22,16,34,sell
2020-12-23,14,36,sell
2020-12-24,20,30,sell
2020-12-25,31,19,buy
2020-12-26,23,27,sell
2020-12-27,30,19,buy
2020-12-28,31,18,buy
2020-12-29,30,19,buy
2020-12-30,23,26,sell
2020-12-31,18,32,sell
2021-01-01,27,23,buy
2021-01-02,28,22,buy
2021-01-03,32,18,buy
2021-01-04,33,17,buy
2021-01-05,32,18,buy
2021-01-06,35,14,buy
2021-01-07,30,20,buy
2021-01-08,25,25,neutral
2021-01-09,33,17,buy
2021-01-10,30,20,buy
2021-01-11,21,29,sell
2021-01-12,28,22,buy
2021-01-13,33,17,buy
2021-01-14,32,18,buy
2021-01-15,23,26,sell
2021-01-16,19,28,sell
2021-01-17,25,21,buy
2021-01-18,26,21,buy
2021-01-19,26,23,buy
2021-01-20,22,28,sell
2021-01-21,18,32,sell
2021-01-22,22,28,sell
2021-01-23,35,15,buy
2021-01-24,31,19,buy
2021-01-25,28,22,buy
2021-01-26,13,37,sell
2021-01-27,24,26,sell
2021-01-28,30,20,buy
2021-01-29,33,17,buy
2021-01-30,28,22,buy
2021-01-31,25,24,buy
2021-02-01,25,24,buy
2021-02-02,29,20,buy
2021-02-03,38,11,buy
2021-02-04,31,19,buy
2021-02-05,34,16,buy
2021-02-06,39,11,buy
2021-02-07,29,21,buy
2021-02-08,35,15,buy
2021-02-09,39,11,buy
2021-02-10,37,12,buy
2021-02-11,31,18,buy
2021-02-12,32,17,buy
2021-02-13,26,22,buy
2021-02-14,31,18,buy
2021-02-15,20,29,sell
2021-02-16,30,19,buy
2021-02-17,35,14,buy
2021-02-18,37,11,buy
2021-02-19,32,16,buy
2021-02-20,28,21,buy
2021-02-21,26,23,buy
2021-02-22,19,31,sell
2021-02-23,15,35,sell
2021-02-24,22,27,sell
2021-02-25,29,20,buy
2021-02-26,29,20,buy
2021-02-27,22,27,sell
2021-02-28,30,20,buy
2021-03-01,21,28,sell
2021-03-02,22,28,sell
2021-03-03,26,24,buy
2021-03-04,26,23,buy
2021-03-05,28,21,buy
2021-03-06,28,21,buy
2021-03-07,26,23,buy
2021-03-08,28,21,buy
2021-03-09,24,25,sell
2021-03-10,22,28,sell
2021-03-11,23,27,sell
2021-03-12,30,20,buy
2021-03-13,29,21,buy
2021-03-14,24,26,sell
2021-03-15,33,17,buy
2021-03-16,33,17,buy
2021-03-17,38,12,buy
2021-03-18,32,18,buy
2021-03-19,25,25,neutral
2021-03-20,23,26,sell
2021-03-21,24,25,sell
2021-03-22,27,21,buy
2021-03-23,24,24,neutral
2021-03-24,27,21,buy
2021-03-25,26,23,buy
2021-03-26,33,16,buy
2021-03-27,28,22,buy
2021-03-28,22,28,sell
2021-03-29,26,24,buy
2021-03-30,30,20,buy
2021-03-31,29,21,buy
2021-04-01,31,19,buy
2021-04-02,27,23,buy
2021-04-03,27,23,buy
2021-04-04,25,24,buy
2021-04-05,25,24,buy
2021-04-06,28,21,buy
2021-04-07,29,21,buy
2021-04-08,30,20,buy
2021-04-09,25,25,neutral
2021-04-10,26,24,buy
2021-04-11,26,24,buy
2021-04-12,20,30,sell
2021-04-13,25,25,neutral
2021-04-14,24,26,sell
2021-04-15,26,24,buy
2021-04-16,22,27,sell
2021-04-17,25,25,neutral
2021-04-18,23,27,sell
2021-04-19,27,23,buy
2021-04-20,20,30,sell
2021-04-21,23,27,sell
2021-04-22,29,21,buy
2021-04-23,33,17,buy
2021-04-24,27,23,buy
2021-04-25,26,23,buy
2021-04-26,34,15,buy
2021-04-27,28,21,buy
2021-04-28,27,22,buy
2021-04-29,29,21,buy
2021-04-30,33,17,buy
2021-05-01,35,15,buy
2021-05-02,24,26,sell
2021-05-03,29,21,buy
2021-05-04,27,23,buy
2021-05-05,24,26,sell
2021-05-06,22,28,sell
2021-05-07,22,28,sell
2021-05-08,21,28,sell
2021-05-09,22,27,sell
2021-05-10,34,15,buy
2021-05-11,32,17,buy
2021-05-12,24,25,sell
2021-05-13,31,19,buy
2021-05-14,28,22,buy
2021-05-15,29,21,buy
2021-05-16,24,26,sell
2021-05-17,27,23,buy
2021-05-18,28,22,buy
2021-05-19,28,22,buy
2021-05-20,23,27,sell
2021-05-21,22,28,sell
2021-05-22,29,21,buy
2021-05-23,23,27,sell
2021-05-24,21,28,sell
2021-05-25,20,29,sell
2021-05-26,29,20,buy
2021-05-27,24,25,sell
2021-05-28,23,26,sell
2021-05-29,20,30,sell
2021-05-30,29,21,buy
2021-05-31,28,22,buy
2021-06-01,21,29,sell
2021-06-02,21,29,sell
2021-06-03,20,30,sell
2021-06-04,19,31,sell
2021-06-05,23,27,sell
2021-06-06,19,29,sell
2021-06-07,21,27,sell
2021-06-08,27,21,buy
2021-06-09,29,20,buy
2021-06-10,24,24,neutral
2021-06-11,24,25,sell
2021-06-12,29,20,buy
2021-06-13,18,31,sell
2021-06-14,23,26,sell
2021-06-15,22,28,sell
2021-06-16,24,26,sell
2021-06-17,22,28,sell
2021-06-18,26,24,buy
2021-06-19,28,22,buy
2021-06-20,25,25,neutral
2021-06-21,25,25,neutral
2021-06-22,27,23,buy
2021-06-23,22,28,sell
2021-06-24,26,23,buy
2021-06-25,24,25,sell
2021-06-26,17,29,sell
2021-06-27,27,22,buy
2021-06-28,23,27,sell
2021-06-29,18,32,sell
2021-06-30,21,29,sell
