Date,a0,a103,a120,a135,a150,a180,a30,a45,a60,a90,MAY,DiffPred1,DiffPred2,DiffPred3,DiffPred4,DiffPred5,EffPred
2010-01-06,0,0,0,0,1,0,0,0,0,0,1,-0.00418,-0.00515,-0.00261,-0.00489,-0.00514,buy
2010-01-07,0,0,0,0,1,0,0,0,0,0,1,-0.00418,-0.00515,-0.00261,-0.00489,-0.00514,buy
2010-01-08,0,0,0,0,1,0,0,0,0,0,1,-0.00418,-0.00515,-0.00261,-0.00489,-0.00514,buy
2010-01-09,0,0,0,0,1,0,0,0,0,0,1,-0.00418,-0.00515,-0.00261,-0.00489,-0.00514,buy
2010-01-28,0,0,0,0,0,1,0,0,0,0,1, 0.00147, 0.00135, 0.00511, 0.00178, 0.00080,buy
2010-01-29,0,0,0,0,0,1,0,0,0,0,1, 0.00147, 0.00135, 0.00511, 0.00178, 0.00080,buy
2010-01-30,0,0,0,0,0,1,0,0,0,0,1, 0.00147, 0.00135, 0.00511, 0.00178, 0.00080,buy
2010-01-31,0,0,0,0,0,1,0,0,0,0,1, 0.00147, 0.00135, 0.00511, 0.00178, 0.00080,buy
2010-02-19,0,0,0,0,1,0,0,0,0,0,1,-0.00418,-0.00515,-0.00261,-0.00489,-0.00514,buy
2010-02-20,0,0,0,0,1,0,0,0,0,0,1,-0.00418,-0.00515,-0.00261,-0.00489,-0.00514,buy
2010-02-21,0,0,0,0,1,0,0,0,0,0,1,-0.00418,-0.00515,-0.00261,-0.00489,-0.00514,buy
2010-02-22,0,0,0,0,1,0,0,0,0,0,1,-0.00418,-0.00515,-0.00261,-0.00489,-0.00514,buy
2010-03-04,0,0,0,1,0,0,0,0,0,0,1, 0.00539,-0.00128,-0.00029, 0.00320, 0.00118,buy
2010-03-05,0,0,0,1,0,0,0,0,0,0,1, 0.00539,-0.00128,-0.00029, 0.00320, 0.00118,buy
2010-03-06,0,0,0,1,0,0,0,0,0,0,1, 0.00539,-0.00128,-0.00029, 0.00320, 0.00118,buy
2010-03-07,0,0,0,1,0,0,0,0,0,0,1, 0.00539,-0.00128,-0.00029, 0.00320, 0.00118,buy
2010-03-08,0,0,0,1,0,0,0,0,0,0,1, 0.00539,-0.00128,-0.00029, 0.00320, 0.00118,buy
2010-03-19,0,0,1,0,0,0,0,0,0,0,1,-0.00098, 0.00358, 0.00797, 0.00209, 0.00276,buy
2010-03-20,0,0,1,0,0,0,0,0,0,0,1,-0.00098, 0.00358, 0.00797, 0.00209, 0.00276,buy
2010-03-21,0,0,1,0,0,0,0,0,0,0,1,-0.00098, 0.00358, 0.00797, 0.00209, 0.00276,buy
2010-03-22,0,0,1,0,0,0,0,0,0,0,1,-0.00098, 0.00358, 0.00797, 0.00209, 0.00276,buy
2010-03-23,0,0,1,0,0,0,0,0,0,0,1,-0.00098, 0.00358, 0.00797, 0.00209, 0.00276,buy
2010-03-24,0,0,1,0,0,0,0,0,0,0,1,-0.00098, 0.00358, 0.00797, 0.00209, 0.00276,buy
2010-04-10,0,1,0,0,0,0,0,0,0,0,1, 0.00012, 0.00055, 0.00170, 0.00382,-0.00090,buy
2010-04-11,0,1,0,0,0,0,0,0,0,0,1, 0.00012, 0.00055, 0.00170, 0.00382,-0.00090,buy
2010-04-12,0,1,0,0,0,0,0,0,0,0,1, 0.00012, 0.00055, 0.00170, 0.00382,-0.00090,buy
2010-04-13,0,1,0,0,0,0,0,0,0,0,1, 0.00012, 0.00055, 0.00170, 0.00382,-0.00090,buy
2010-04-14,0,1,0,0,0,0,0,0,0,0,1, 0.00012, 0.00055, 0.00170, 0.00382,-0.00090,buy
2010-04-15,0,1,0,0,0,0,0,0,0,0,1, 0.00012, 0.00055, 0.00170, 0.00382,-0.00090,buy
2010-04-16,0,1,0,0,0,0,0,0,0,0,1, 0.00012, 0.00055, 0.00170, 0.00382,-0.00090,buy
2010-04-30,0,0,0,0,0,0,0,0,0,1,1,-0.00181,-0.00325,-0.00222,-0.00232,-0.00265,buy
2010-05-01,0,0,0,0,0,0,0,0,0,1,1,-0.00181,-0.00325,-0.00222,-0.00232,-0.00265,buy
2010-05-02,0,0,0,0,0,0,0,0,0,1,1,-0.00181,-0.00325,-0.00222,-0.00232,-0.00265,buy
2010-05-03,0,0,0,0,0,0,0,0,0,1,1,-0.00181,-0.00325,-0.00222,-0.00232,-0.00265,buy
2010-05-04,0,0,0,0,0,0,0,0,0,1,1,-0.00181,-0.00325,-0.00222,-0.00232,-0.00265,buy
2010-05-05,0,0,0,0,0,0,0,0,0,1,1,-0.00181,-0.00325,-0.00222,-0.00232,-0.00265,buy
2010-05-06,0,0,0,0,0,0,0,0,0,1,1,-0.00181,-0.00325,-0.00222,-0.00232,-0.00265,buy
2010-05-07,0,0,0,0,0,0,0,0,0,1,1,-0.00181,-0.00325,-0.00222,-0.00232,-0.00265,buy
2010-05-08,0,0,0,0,0,0,0,0,0,1,1,-0.00181,-0.00325,-0.00222,-0.00232,-0.00265,buy
2010-07-05,0,0,0,0,0,0,0,0,1,0,1, 0.00598, 0.00591, 0.00752, 0.00532, 0.01134,sell
2010-07-06,0,0,0,0,0,0,0,0,1,0,1, 0.00598, 0.00591, 0.00752, 0.00532, 0.01134,sell
2010-07-07,0,0,0,0,0,0,0,0,1,0,1, 0.00598, 0.00591, 0.00752, 0.00532, 0.01134,sell
2010-07-08,0,0,0,0,0,0,0,0,1,0,1, 0.00598, 0.00591, 0.00752, 0.00532, 0.01134,sell
2010-07-09,0,0,0,0,0,0,0,0,1,0,1, 0.00598, 0.00591, 0.00752, 0.00532, 0.01134,sell
2010-07-10,0,0,0,0,0,0,0,0,1,0,1, 0.00598, 0.00591, 0.00752, 0.00532, 0.01134,sell
2010-07-11,0,0,0,0,0,0,0,0,1,0,1, 0.00598, 0.00591, 0.00752, 0.00532, 0.01134,sell
2010-07-12,0,0,0,0,0,0,0,0,1,0,1, 0.00598, 0.00591, 0.00752, 0.00532, 0.01134,sell
2010-07-13,0,0,0,0,0,0,0,0,1,0,1, 0.00598, 0.00591, 0.00752, 0.00532, 0.01134,sell
2010-07-14,0,0,0,0,0,0,0,0,1,0,1, 0.00598, 0.00591, 0.00752, 0.00532, 0.01134,sell
2010-07-15,0,0,0,0,0,0,0,0,1,0,1, 0.00598, 0.00591, 0.00752, 0.00532, 0.01134,sell
2010-07-16,0,0,0,0,0,0,0,0,1,0,1, 0.00598, 0.00591, 0.00752, 0.00532, 0.01134,sell
2010-08-17,0,0,0,0,0,0,0,1,0,0,1,-0.00308, 0.00005,-0.00161, 0.00098, 0.00088,buy
2010-08-18,0,0,0,0,0,0,0,1,0,0,1,-0.00308, 0.00005,-0.00161, 0.00098, 0.00088,buy
2010-08-19,0,0,0,0,0,0,0,1,0,0,1,-0.00308, 0.00005,-0.00161, 0.00098, 0.00088,buy
2010-08-20,0,0,0,0,0,0,0,1,0,0,1,-0.00308, 0.00005,-0.00161, 0.00098, 0.00088,buy
2010-08-21,0,0,0,0,0,0,0,1,0,0,1,-0.00308, 0.00005,-0.00161, 0.00098, 0.00088,buy
2010-08-22,0,0,0,0,0,0,0,1,0,0,1,-0.00308, 0.00005,-0.00161, 0.00098, 0.00088,buy
2010-08-23,0,0,0,0,0,0,0,1,0,0,1,-0.00308, 0.00005,-0.00161, 0.00098, 0.00088,buy
2010-08-24,0,0,0,0,0,0,0,1,0,0,1,-0.00308, 0.00005,-0.00161, 0.00098, 0.00088,buy
2010-08-25,0,0,0,0,0,0,0,1,0,0,1,-0.00308, 0.00005,-0.00161, 0.00098, 0.00088,buy
2010-08-26,0,0,0,0,0,0,0,1,0,0,1,-0.00308, 0.00005,-0.00161, 0.00098, 0.00088,buy
2010-08-27,0,0,0,0,0,0,0,1,0,0,1,-0.00308, 0.00005,-0.00161, 0.00098, 0.00088,buy
2010-08-28,0,0,0,0,0,0,0,1,0,0,1,-0.00308, 0.00005,-0.00161, 0.00098, 0.00088,buy
2010-08-29,0,0,0,0,0,0,0,1,0,0,1,-0.00308, 0.00005,-0.00161, 0.00098, 0.00088,buy
2010-10-04,0,0,0,0,0,0,1,0,0,0,1, 0.00420, 0.00097, 0.00104, 0.00140, 0.00050,buy
2010-10-05,0,0,0,0,0,0,1,0,0,0,1, 0.00420, 0.00097, 0.00104, 0.00140, 0.00050,buy
2010-10-06,0,0,0,0,0,0,1,0,0,0,1, 0.00420, 0.00097, 0.00104, 0.00140, 0.00050,buy
2010-10-07,0,0,0,0,0,0,1,0,0,0,1, 0.00420, 0.00097, 0.00104, 0.00140, 0.00050,buy
2010-10-08,0,0,0,0,0,0,1,0,0,0,1, 0.00420, 0.00097, 0.00104, 0.00140, 0.00050,buy
2010-10-09,0,0,0,0,0,0,1,0,0,0,1, 0.00420, 0.00097, 0.00104, 0.00140, 0.00050,buy
2010-10-10,0,0,0,0,0,0,1,0,0,0,1, 0.00420, 0.00097, 0.00104, 0.00140, 0.00050,buy
2010-10-11,0,0,0,0,0,0,1,0,0,0,1, 0.00420, 0.00097, 0.00104, 0.00140, 0.00050,buy
2010-10-12,0,0,0,0,0,0,1,0,0,0,1, 0.00420, 0.00097, 0.00104, 0.00140, 0.00050,buy
2010-10-13,0,0,0,0,0,0,1,0,0,0,1, 0.00420, 0.00097, 0.00104, 0.00140, 0.00050,buy
2010-10-14,0,0,0,0,0,0,1,0,0,0,1, 0.00420, 0.00097, 0.00104, 0.00140, 0.00050,buy
2010-10-15,0,0,0,0,0,0,1,0,0,0,1, 0.00420, 0.00097, 0.00104, 0.00140, 0.00050,buy
2010-10-16,0,0,0,0,0,0,1,0,0,0,1, 0.00420, 0.00097, 0.00104, 0.00140, 0.00050,buy
2010-10-17,0,0,0,0,0,0,1,0,0,0,1, 0.00420, 0.00097, 0.00104, 0.00140, 0.00050,buy
2010-10-18,0,0,0,0,0,0,1,0,0,0,1, 0.00420, 0.00097, 0.00104, 0.00140, 0.00050,buy
2011-01-26,1,0,0,0,0,0,0,0,0,0,1, 0.00054,-0.00271, 0.00585,-0.00173,-0.00217,buy
2011-01-27,1,0,0,0,0,0,0,0,0,0,1, 0.00054,-0.00271, 0.00585,-0.00173,-0.00217,buy
2011-01-28,1,0,0,0,0,0,0,0,0,0,1, 0.00054,-0.00271, 0.00585,-0.00173,-0.00217,buy
2011-01-29,1,0,0,0,0,0,0,0,0,0,1, 0.00054,-0.00271, 0.00585,-0.00173,-0.00217,buy
2011-01-30,1,0,0,0,0,0,0,0,0,0,1, 0.00054,-0.00271, 0.00585,-0.00173,-0.00217,buy
2011-01-31,1,0,0,0,0,0,0,0,0,0,1, 0.00054,-0.00271, 0.00585,-0.00173,-0.00217,buy
2011-02-01,1,0,0,0,0,0,0,0,0,0,1, 0.00054,-0.00271, 0.00585,-0.00173,-0.00217,buy
2011-02-02,1,0,0,0,0,0,0,0,0,0,1, 0.00054,-0.00271, 0.00585,-0.00173,-0.00217,buy
2011-02-03,1,0,0,0,0,0,0,0,0,0,1, 0.00054,-0.00271, 0.00585,-0.00173,-0.00217,buy
2011-02-04,1,0,0,0,0,0,0,0,0,0,1, 0.00054,-0.00271, 0.00585,-0.00173,-0.00217,buy
2011-02-05,1,0,0,0,0,0,0,0,0,0,1, 0.00054,-0.00271, 0.00585,-0.00173,-0.00217,buy
2011-02-06,1,0,0,0,0,0,0,0,0,0,1, 0.00054,-0.00271, 0.00585,-0.00173,-0.00217,buy
2011-02-07,1,0,0,0,0,0,0,0,0,0,1, 0.00054,-0.00271, 0.00585,-0.00173,-0.00217,buy
2011-02-08,1,0,0,0,0,0,0,0,0,0,1, 0.00054,-0.00271, 0.00585,-0.00173,-0.00217,buy
2011-02-09,1,0,0,0,0,0,0,0,0,0,1, 0.00054,-0.00271, 0.00585,-0.00173,-0.00217,buy
2011-02-10,1,0,0,0,0,0,0,0,0,0,1, 0.00054,-0.00271, 0.00585,-0.00173,-0.00217,buy
2011-02-11,1,0,0,0,0,0,0,0,0,0,1, 0.00054,-0.00271, 0.00585,-0.00173,-0.00217,buy
2011-02-12,1,0,0,0,0,0,0,0,0,0,1, 0.00054,-0.00271, 0.00585,-0.00173,-0.00217,buy
2011-02-13,1,0,0,0,0,0,0,0,0,0,1, 0.00054,-0.00271, 0.00585,-0.00173,-0.00217,buy
2011-06-15,0,0,0,0,0,0,1,0,0,0,1, 0.00420, 0.00097, 0.00104, 0.00140, 0.00050,buy
2011-06-16,0,0,0,0,0,0,1,0,0,0,1, 0.00420, 0.00097, 0.00104, 0.00140, 0.00050,buy
2011-06-17,0,0,0,0,0,0,1,0,0,0,1, 0.00420, 0.00097, 0.00104, 0.00140, 0.00050,buy
2011-06-18,0,0,0,0,0,0,1,0,0,0,1, 0.00420, 0.00097, 0.00104, 0.00140, 0.00050,buy
2011-06-19,0,0,0,0,0,0,1,0,0,0,1, 0.00420, 0.00097, 0.00104, 0.00140, 0.00050,buy
2011-06-20,0,0,0,0,0,0,1,0,0,0,1, 0.00420, 0.00097, 0.00104, 0.00140, 0.00050,buy
2011-06-21,0,0,0,0,0,0,1,0,0,0,1, 0.00420, 0.00097, 0.00104, 0.00140, 0.00050,buy
2011-06-22,0,0,0,0,0,0,1,0,0,0,1, 0.00420, 0.00097, 0.00104, 0.00140, 0.00050,buy
2011-06-23,0,0,0,0,0,0,1,0,0,0,1, 0.00420, 0.00097, 0.00104, 0.00140, 0.00050,buy
2011-06-24,0,0,0,0,0,0,1,0,0,0,1, 0.00420, 0.00097, 0.00104, 0.00140, 0.00050,buy
2011-06-25,0,0,0,0,0,0,1,0,0,0,1, 0.00420, 0.00097, 0.00104, 0.00140, 0.00050,buy
2011-06-26,0,0,0,0,0,0,1,0,0,0,1, 0.00420, 0.00097, 0.00104, 0.00140, 0.00050,buy
2011-06-27,0,0,0,0,0,0,1,0,0,0,1, 0.00420, 0.00097, 0.00104, 0.00140, 0.00050,buy
2011-06-28,0,0,0,0,0,0,1,0,0,0,1, 0.00420, 0.00097, 0.00104, 0.00140, 0.00050,buy
2011-06-29,0,0,0,0,0,0,1,0,0,0,1, 0.00420, 0.00097, 0.00104, 0.00140, 0.00050,buy
2011-06-30,0,0,0,0,0,0,1,0,0,0,1, 0.00420, 0.00097, 0.00104, 0.00140, 0.00050,buy
2011-07-01,0,0,0,0,0,0,1,0,0,0,1, 0.00420, 0.00097, 0.00104, 0.00140, 0.00050,buy
2011-08-11,0,0,0,0,0,0,0,1,0,0,1,-0.00308, 0.00005,-0.00161, 0.00098, 0.00088,buy
2011-08-12,0,0,0,0,0,0,0,1,0,0,1,-0.00308, 0.00005,-0.00161, 0.00098, 0.00088,buy
2011-08-13,0,0,0,0,0,0,0,1,0,0,1,-0.00308, 0.00005,-0.00161, 0.00098, 0.00088,buy
2011-08-14,0,0,0,0,0,0,0,1,0,0,1,-0.00308, 0.00005,-0.00161, 0.00098, 0.00088,buy
2011-08-15,0,0,0,0,0,0,0,1,0,0,1,-0.00308, 0.00005,-0.00161, 0.00098, 0.00088,buy
2011-08-16,0,0,0,0,0,0,0,1,0,0,1,-0.00308, 0.00005,-0.00161, 0.00098, 0.00088,buy
2011-08-17,0,0,0,0,0,0,0,1,0,0,1,-0.00308, 0.00005,-0.00161, 0.00098, 0.00088,buy
2011-08-18,0,0,0,0,0,0,0,1,0,0,1,-0.00308, 0.00005,-0.00161, 0.00098, 0.00088,buy
2011-08-19,0,0,0,0,0,0,0,1,0,0,1,-0.00308, 0.00005,-0.00161, 0.00098, 0.00088,buy
2011-08-20,0,0,0,0,0,0,0,1,0,0,1,-0.00308, 0.00005,-0.00161, 0.00098, 0.00088,buy
2011-08-21,0,0,0,0,0,0,0,1,0,0,1,-0.00308, 0.00005,-0.00161, 0.00098, 0.00088,buy
2011-08-22,0,0,0,0,0,0,0,1,0,0,1,-0.00308, 0.00005,-0.00161, 0.00098, 0.00088,buy
2011-08-23,0,0,0,0,0,0,0,1,0,0,1,-0.00308, 0.00005,-0.00161, 0.00098, 0.00088,buy
2011-08-24,0,0,0,0,0,0,0,1,0,0,1,-0.00308, 0.00005,-0.00161, 0.00098, 0.00088,buy
2011-09-25,0,0,0,0,0,0,0,0,1,0,1, 0.00598, 0.00591, 0.00752, 0.00532, 0.01134,sell
2011-09-26,0,0,0,0,0,0,0,0,1,0,1, 0.00598, 0.00591, 0.00752, 0.00532, 0.01134,sell
2011-09-27,0,0,0,0,0,0,0,0,1,0,1, 0.00598, 0.00591, 0.00752, 0.00532, 0.01134,sell
2011-09-28,0,0,0,0,0,0,0,0,1,0,1, 0.00598, 0.00591, 0.00752, 0.00532, 0.01134,sell
2011-09-29,0,0,0,0,0,0,0,0,1,0,1, 0.00598, 0.00591, 0.00752, 0.00532, 0.01134,sell
2011-09-30,0,0,0,0,0,0,0,0,1,0,1, 0.00598, 0.00591, 0.00752, 0.00532, 0.01134,sell
2011-10-01,0,0,0,0,0,0,0,0,1,0,1, 0.00598, 0.00591, 0.00752, 0.00532, 0.01134,sell
2011-10-02,0,0,0,0,0,0,0,0,1,0,1, 0.00598, 0.00591, 0.00752, 0.00532, 0.01134,sell
2011-10-03,0,0,0,0,0,0,0,0,1,0,1, 0.00598, 0.00591, 0.00752, 0.00532, 0.01134,sell
2011-10-04,0,0,0,0,0,0,0,0,1,0,1, 0.00598, 0.00591, 0.00752, 0.00532, 0.01134,sell
2011-10-05,0,0,0,0,0,0,0,0,1,0,1, 0.00598, 0.00591, 0.00752, 0.00532, 0.01134,sell
2011-11-29,0,0,0,0,0,0,0,0,0,1,1,-0.00181,-0.00325,-0.00222,-0.00232,-0.00265,buy
2011-11-30,0,0,0,0,0,0,0,0,0,1,1,-0.00181,-0.00325,-0.00222,-0.00232,-0.00265,buy
2011-12-01,0,0,0,0,0,0,0,0,0,1,1,-0.00181,-0.00325,-0.00222,-0.00232,-0.00265,buy
2011-12-02,0,0,0,0,0,0,0,0,0,1,1,-0.00181,-0.00325,-0.00222,-0.00232,-0.00265,buy
2011-12-03,0,0,0,0,0,0,0,0,0,1,1,-0.00181,-0.00325,-0.00222,-0.00232,-0.00265,buy
2011-12-04,0,0,0,0,0,0,0,0,0,1,1,-0.00181,-0.00325,-0.00222,-0.00232,-0.00265,buy
2011-12-05,0,0,0,0,0,0,0,0,0,1,1,-0.00181,-0.00325,-0.00222,-0.00232,-0.00265,buy
2011-12-19,0,1,0,0,0,0,0,0,0,0,1, 0.00012, 0.00055, 0.00170, 0.00382,-0.00090,buy
2011-12-20,0,1,0,0,0,0,0,0,0,0,1, 0.00012, 0.00055, 0.00170, 0.00382,-0.00090,buy
2011-12-21,0,1,0,0,0,0,0,0,0,0,1, 0.00012, 0.00055, 0.00170, 0.00382,-0.00090,buy
2011-12-22,0,1,0,0,0,0,0,0,0,0,1, 0.00012, 0.00055, 0.00170, 0.00382,-0.00090,buy
2011-12-23,0,1,0,0,0,0,0,0,0,0,1, 0.00012, 0.00055, 0.00170, 0.00382,-0.00090,buy
2011-12-24,0,1,0,0,0,0,0,0,0,0,1, 0.00012, 0.00055, 0.00170, 0.00382,-0.00090,buy
2011-12-25,0,1,0,0,0,0,0,0,0,0,1, 0.00012, 0.00055, 0.00170, 0.00382,-0.00090,buy
2012-01-10,0,0,1,0,0,0,0,0,0,0,1,-0.00098, 0.00358, 0.00797, 0.00209, 0.00276,buy
2012-01-11,0,0,1,0,0,0,0,0,0,0,1,-0.00098, 0.00358, 0.00797, 0.00209, 0.00276,buy
2012-01-12,0,0,1,0,0,0,0,0,0,0,1,-0.00098, 0.00358, 0.00797, 0.00209, 0.00276,buy
2012-01-13,0,0,1,0,0,0,0,0,0,0,1,-0.00098, 0.00358, 0.00797, 0.00209, 0.00276,buy
2012-01-14,0,0,1,0,0,0,0,0,0,0,1,-0.00098, 0.00358, 0.00797, 0.00209, 0.00276,buy
2012-01-15,0,0,1,0,0,0,0,0,0,0,1,-0.00098, 0.00358, 0.00797, 0.00209, 0.00276,buy
2012-01-26,0,0,0,1,0,0,0,0,0,0,1, 0.00539,-0.00128,-0.00029, 0.00320, 0.00118,buy
2012-01-27,0,0,0,1,0,0,0,0,0,0,1, 0.00539,-0.00128,-0.00029, 0.00320, 0.00118,buy
2012-01-28,0,0,0,1,0,0,0,0,0,0,1, 0.00539,-0.00128,-0.00029, 0.00320, 0.00118,buy
2012-01-29,0,0,0,1,0,0,0,0,0,0,1, 0.00539,-0.00128,-0.00029, 0.00320, 0.00118,buy
2012-01-30,0,0,0,1,0,0,0,0,0,0,1, 0.00539,-0.00128,-0.00029, 0.00320, 0.00118,buy
2012-02-08,0,0,0,0,1,0,0,0,0,0,1,-0.00418,-0.00515,-0.00261,-0.00489,-0.00514,buy
2012-02-09,0,0,0,0,1,0,0,0,0,0,1,-0.00418,-0.00515,-0.00261,-0.00489,-0.00514,buy
2012-02-10,0,0,0,0,1,0,0,0,0,0,1,-0.00418,-0.00515,-0.00261,-0.00489,-0.00514,buy
2012-02-11,0,0,0,0,1,0,0,0,0,0,1,-0.00418,-0.00515,-0.00261,-0.00489,-0.00514,buy
2012-02-12,0,0,0,0,1,0,0,0,0,0,1,-0.00418,-0.00515,-0.00261,-0.00489,-0.00514,buy
2012-03-02,0,0,0,0,0,1,0,0,0,0,1, 0.00147, 0.00135, 0.00511, 0.00178, 0.00080,buy
2012-03-03,0,0,0,0,0,1,0,0,0,0,1, 0.00147, 0.00135, 0.00511, 0.00178, 0.00080,buy
2012-03-04,0,0,0,0,0,1,0,0,0,0,1, 0.00147, 0.00135, 0.00511, 0.00178, 0.00080,buy
2012-03-05,0,0,0,0,0,1,0,0,0,0,1, 0.00147, 0.00135, 0.00511, 0.00178, 0.00080,buy
2012-03-24,0,0,0,0,1,0,0,0,0,0,1,-0.00418,-0.00515,-0.00261,-0.00489,-0.00514,buy
2012-03-25,0,0,0,0,1,0,0,0,0,0,1,-0.00418,-0.00515,-0.00261,-0.00489,-0.00514,buy
2012-03-26,0,0,0,0,1,0,0,0,0,0,1,-0.00418,-0.00515,-0.00261,-0.00489,-0.00514,buy
2012-03-27,0,0,0,0,1,0,0,0,0,0,1,-0.00418,-0.00515,-0.00261,-0.00489,-0.00514,buy
2012-04-06,0,0,0,1,0,0,0,0,0,0,1, 0.00539,-0.00128,-0.00029, 0.00320, 0.00118,buy
2012-04-07,0,0,0,1,0,0,0,0,0,0,1, 0.00539,-0.00128,-0.00029, 0.00320, 0.00118,buy
2012-04-08,0,0,0,1,0,0,0,0,0,0,1, 0.00539,-0.00128,-0.00029, 0.00320, 0.00118,buy
2012-04-09,0,0,0,1,0,0,0,0,0,0,1, 0.00539,-0.00128,-0.00029, 0.00320, 0.00118,buy
2012-04-10,0,0,0,1,0,0,0,0,0,0,1, 0.00539,-0.00128,-0.00029, 0.00320, 0.00118,buy
2012-04-21,0,0,1,0,0,0,0,0,0,0,1,-0.00098, 0.00358, 0.00797, 0.00209, 0.00276,buy
2012-04-22,0,0,1,0,0,0,0,0,0,0,1,-0.00098, 0.00358, 0.00797, 0.00209, 0.00276,buy
2012-04-23,0,0,1,0,0,0,0,0,0,0,1,-0.00098, 0.00358, 0.00797, 0.00209, 0.00276,buy
2012-04-24,0,0,1,0,0,0,0,0,0,0,1,-0.00098, 0.00358, 0.00797, 0.00209, 0.00276,buy
2012-04-25,0,0,1,0,0,0,0,0,0,0,1,-0.00098, 0.00358, 0.00797, 0.00209, 0.00276,buy
2012-04-26,0,0,1,0,0,0,0,0,0,0,1,-0.00098, 0.00358, 0.00797, 0.00209, 0.00276,buy
2012-05-13,0,1,0,0,0,0,0,0,0,0,1, 0.00012, 0.00055, 0.00170, 0.00382,-0.00090,buy
2012-05-14,0,1,0,0,0,0,0,0,0,0,1, 0.00012, 0.00055, 0.00170, 0.00382,-0.00090,buy
2012-05-15,0,1,0,0,0,0,0,0,0,0,1, 0.00012, 0.00055, 0.00170, 0.00382,-0.00090,buy
2012-05-16,0,1,0,0,0,0,0,0,0,0,1, 0.00012, 0.00055, 0.00170, 0.00382,-0.00090,buy
2012-05-17,0,1,0,0,0,0,0,0,0,0,1, 0.00012, 0.00055, 0.00170, 0.00382,-0.00090,buy
2012-05-18,0,1,0,0,0,0,0,0,0,0,1, 0.00012, 0.00055, 0.00170, 0.00382,-0.00090,buy
2012-05-19,0,1,0,0,0,0,0,0,0,0,1, 0.00012, 0.00055, 0.00170, 0.00382,-0.00090,buy
2012-06-04,0,0,0,0,0,0,0,0,0,1,1,-0.00181,-0.00325,-0.00222,-0.00232,-0.00265,buy
2012-06-05,0,0,0,0,0,0,0,0,0,1,1,-0.00181,-0.00325,-0.00222,-0.00232,-0.00265,buy
2012-06-06,0,0,0,0,0,0,0,0,0,1,1,-0.00181,-0.00325,-0.00222,-0.00232,-0.00265,buy
2012-06-07,0,0,0,0,0,0,0,0,0,1,1,-0.00181,-0.00325,-0.00222,-0.00232,-0.00265,buy
2012-06-08,0,0,0,0,0,0,0,0,0,1,1,-0.00181,-0.00325,-0.00222,-0.00232,-0.00265,buy
2012-06-09,0,0,0,0,0,0,0,0,0,1,1,-0.00181,-0.00325,-0.00222,-0.00232,-0.00265,buy
2012-06-10,0,0,0,0,0,0,0,0,0,1,1,-0.00181,-0.00325,-0.00222,-0.00232,-0.00265,buy
2012-06-11,0,0,0,0,0,0,0,0,0,1,1,-0.00181,-0.00325,-0.00222,-0.00232,-0.00265,buy
2012-06-12,0,0,0,0,0,0,0,0,0,1,1,-0.00181,-0.00325,-0.00222,-0.00232,-0.00265,buy
2012-08-14,0,0,0,0,0,0,0,0,1,0,1, 0.00598, 0.00591, 0.00752, 0.00532, 0.01134,sell
2012-08-15,0,0,0,0,0,0,0,0,1,0,1, 0.00598, 0.00591, 0.00752, 0.00532, 0.01134,sell
2012-08-16,0,0,0,0,0,0,0,0,1,0,1, 0.00598, 0.00591, 0.00752, 0.00532, 0.01134,sell
2012-08-17,0,0,0,0,0,0,0,0,1,0,1, 0.00598, 0.00591, 0.00752, 0.00532, 0.01134,sell
2012-08-18,0,0,0,0,0,0,0,0,1,0,1, 0.00598, 0.00591, 0.00752, 0.00532, 0.01134,sell
2012-08-19,0,0,0,0,0,0,0,0,1,0,1, 0.00598, 0.00591, 0.00752, 0.00532, 0.01134,sell
2012-08-20,0,0,0,0,0,0,0,0,1,0,1, 0.00598, 0.00591, 0.00752, 0.00532, 0.01134,sell
2012-08-21,0,0,0,0,0,0,0,0,1,0,1, 0.00598, 0.00591, 0.00752, 0.00532, 0.01134,sell
2012-08-22,0,0,0,0,0,0,0,0,1,0,1, 0.00598, 0.00591, 0.00752, 0.00532, 0.01134,sell
2012-08-23,0,0,0,0,0,0,0,0,1,0,1, 0.00598, 0.00591, 0.00752, 0.00532, 0.01134,sell
2012-08-24,0,0,0,0,0,0,0,0,1,0,1, 0.00598, 0.00591, 0.00752, 0.00532, 0.01134,sell
2012-08-25,0,0,0,0,0,0,0,0,1,0,1, 0.00598, 0.00591, 0.00752, 0.00532, 0.01134,sell
2012-08-26,0,0,0,0,0,0,0,0,1,0,1, 0.00598, 0.00591, 0.00752, 0.00532, 0.01134,sell
2012-08-27,0,0,0,0,0,0,0,0,1,0,1, 0.00598, 0.00591, 0.00752, 0.00532, 0.01134,sell
2012-10-02,0,0,0,0,0,0,0,1,0,0,1,-0.00308, 0.00005,-0.00161, 0.00098, 0.00088,buy
2012-10-03,0,0,0,0,0,0,0,1,0,0,1,-0.00308, 0.00005,-0.00161, 0.00098, 0.00088,buy
2012-10-04,0,0,0,0,0,0,0,1,0,0,1,-0.00308, 0.00005,-0.00161, 0.00098, 0.00088,buy
2012-10-05,0,0,0,0,0,0,0,1,0,0,1,-0.00308, 0.00005,-0.00161, 0.00098, 0.00088,buy
2012-10-06,0,0,0,0,0,0,0,1,0,0,1,-0.00308, 0.00005,-0.00161, 0.00098, 0.00088,buy
2012-10-07,0,0,0,0,0,0,0,1,0,0,1,-0.00308, 0.00005,-0.00161, 0.00098, 0.00088,buy
2012-10-08,0,0,0,0,0,0,0,1,0,0,1,-0.00308, 0.00005,-0.00161, 0.00098, 0.00088,buy
2012-10-09,0,0,0,0,0,0,0,1,0,0,1,-0.00308, 0.00005,-0.00161, 0.00098, 0.00088,buy
2012-10-10,0,0,0,0,0,0,0,1,0,0,1,-0.00308, 0.00005,-0.00161, 0.00098, 0.00088,buy
2012-10-11,0,0,0,0,0,0,0,1,0,0,1,-0.00308, 0.00005,-0.00161, 0.00098, 0.00088,buy
2012-10-12,0,0,0,0,0,0,0,1,0,0,1,-0.00308, 0.00005,-0.00161, 0.00098, 0.00088,buy
2012-10-13,0,0,0,0,0,0,0,1,0,0,1,-0.00308, 0.00005,-0.00161, 0.00098, 0.00088,buy
2012-10-14,0,0,0,0,0,0,0,1,0,0,1,-0.00308, 0.00005,-0.00161, 0.00098, 0.00088,buy
2012-10-15,0,0,0,0,0,0,0,1,0,0,1,-0.00308, 0.00005,-0.00161, 0.00098, 0.00088,buy
2012-10-16,0,0,0,0,0,0,0,1,0,0,1,-0.00308, 0.00005,-0.00161, 0.00098, 0.00088,buy
2012-10-17,0,0,0,0,0,0,0,1,0,0,1,-0.00308, 0.00005,-0.00161, 0.00098, 0.00088,buy
2012-11-28,0,0,0,0,0,0,1,0,0,0,1, 0.00420, 0.00097, 0.00104, 0.00140, 0.00050,buy
2012-11-29,0,0,0,0,0,0,1,0,0,0,1, 0.00420, 0.00097, 0.00104, 0.00140, 0.00050,buy
2012-11-30,0,0,0,0,0,0,1,0,0,0,1, 0.00420, 0.00097, 0.00104, 0.00140, 0.00050,buy
2012-12-01,0,0,0,0,0,0,1,0,0,0,1, 0.00420, 0.00097, 0.00104, 0.00140, 0.00050,buy
2012-12-02,0,0,0,0,0,0,1,0,0,0,1, 0.00420, 0.00097, 0.00104, 0.00140, 0.00050,buy
2012-12-03,0,0,0,0,0,0,1,0,0,0,1, 0.00420, 0.00097, 0.00104, 0.00140, 0.00050,buy
2012-12-04,0,0,0,0,0,0,1,0,0,0,1, 0.00420, 0.00097, 0.00104, 0.00140, 0.00050,buy
2012-12-05,0,0,0,0,0,0,1,0,0,0,1, 0.00420, 0.00097, 0.00104, 0.00140, 0.00050,buy
2012-12-06,0,0,0,0,0,0,1,0,0,0,1, 0.00420, 0.00097, 0.00104, 0.00140, 0.00050,buy
2012-12-07,0,0,0,0,0,0,1,0,0,0,1, 0.00420, 0.00097, 0.00104, 0.00140, 0.00050,buy
2012-12-08,0,0,0,0,0,0,1,0,0,0,1, 0.00420, 0.00097, 0.00104, 0.00140, 0.00050,buy
2012-12-09,0,0,0,0,0,0,1,0,0,0,1, 0.00420, 0.00097, 0.00104, 0.00140, 0.00050,buy
2012-12-10,0,0,0,0,0,0,1,0,0,0,1, 0.00420, 0.00097, 0.00104, 0.00140, 0.00050,buy
2012-12-11,0,0,0,0,0,0,1,0,0,0,1, 0.00420, 0.00097, 0.00104, 0.00140, 0.00050,buy
2012-12-12,0,0,0,0,0,0,1,0,0,0,1, 0.00420, 0.00097, 0.00104, 0.00140, 0.00050,buy
2012-12-13,0,0,0,0,0,0,1,0,0,0,1, 0.00420, 0.00097, 0.00104, 0.00140, 0.00050,buy
2012-12-14,0,0,0,0,0,0,1,0,0,0,1, 0.00420, 0.00097, 0.00104, 0.00140, 0.00050,buy
2013-04-09,1,0,0,0,0,0,0,0,0,0,1, 0.00054,-0.00271, 0.00585,-0.00173,-0.00217,buy
2013-04-10,1,0,0,0,0,0,0,0,0,0,1, 0.00054,-0.00271, 0.00585,-0.00173,-0.00217,buy
2013-04-11,1,0,0,0,0,0,0,0,0,0,1, 0.00054,-0.00271, 0.00585,-0.00173,-0.00217,buy
2013-04-12,1,0,0,0,0,0,0,0,0,0,1, 0.00054,-0.00271, 0.00585,-0.00173,-0.00217,buy
2013-04-13,1,0,0,0,0,0,0,0,0,0,1, 0.00054,-0.00271, 0.00585,-0.00173,-0.00217,buy
2013-04-14,1,0,0,0,0,0,0,0,0,0,1, 0.00054,-0.00271, 0.00585,-0.00173,-0.00217,buy
2013-04-15,1,0,0,0,0,0,0,0,0,0,1, 0.00054,-0.00271, 0.00585,-0.00173,-0.00217,buy
2013-04-16,1,0,0,0,0,0,0,0,0,0,1, 0.00054,-0.00271, 0.00585,-0.00173,-0.00217,buy
2013-04-17,1,0,0,0,0,0,0,0,0,0,1, 0.00054,-0.00271, 0.00585,-0.00173,-0.00217,buy
2013-04-18,1,0,0,0,0,0,0,0,0,0,1, 0.00054,-0.00271, 0.00585,-0.00173,-0.00217,buy
2013-04-19,1,0,0,0,0,0,0,0,0,0,1, 0.00054,-0.00271, 0.00585,-0.00173,-0.00217,buy
2013-04-20,1,0,0,0,0,0,0,0,0,0,1, 0.00054,-0.00271, 0.00585,-0.00173,-0.00217,buy
2013-04-21,1,0,0,0,0,0,0,0,0,0,1, 0.00054,-0.00271, 0.00585,-0.00173,-0.00217,buy
2013-04-22,1,0,0,0,0,0,0,0,0,0,1, 0.00054,-0.00271, 0.00585,-0.00173,-0.00217,buy
2013-04-23,1,0,0,0,0,0,0,0,0,0,1, 0.00054,-0.00271, 0.00585,-0.00173,-0.00217,buy
2013-04-24,1,0,0,0,0,0,0,0,0,0,1, 0.00054,-0.00271, 0.00585,-0.00173,-0.00217,buy
2013-04-25,1,0,0,0,0,0,0,0,0,0,1, 0.00054,-0.00271, 0.00585,-0.00173,-0.00217,buy
2013-04-26,1,0,0,0,0,0,0,0,0,0,1, 0.00054,-0.00271, 0.00585,-0.00173,-0.00217,buy
2013-08-05,0,0,0,0,0,0,1,0,0,0,1, 0.00420, 0.00097, 0.00104, 0.00140, 0.00050,buy
2013-08-06,0,0,0,0,0,0,1,0,0,0,1, 0.00420, 0.00097, 0.00104, 0.00140, 0.00050,buy
2013-08-07,0,0,0,0,0,0,1,0,0,0,1, 0.00420, 0.00097, 0.00104, 0.00140, 0.00050,buy
2013-08-08,0,0,0,0,0,0,1,0,0,0,1, 0.00420, 0.00097, 0.00104, 0.00140, 0.00050,buy
2013-08-09,0,0,0,0,0,0,1,0,0,0,1, 0.00420, 0.00097, 0.00104, 0.00140, 0.00050,buy
2013-08-10,0,0,0,0,0,0,1,0,0,0,1, 0.00420, 0.00097, 0.00104, 0.00140, 0.00050,buy
2013-08-11,0,0,0,0,0,0,1,0,0,0,1, 0.00420, 0.00097, 0.00104, 0.00140, 0.00050,buy
2013-08-12,0,0,0,0,0,0,1,0,0,0,1, 0.00420, 0.00097, 0.00104, 0.00140, 0.00050,buy
2013-08-13,0,0,0,0,0,0,1,0,0,0,1, 0.00420, 0.00097, 0.00104, 0.00140, 0.00050,buy
2013-08-14,0,0,0,0,0,0,1,0,0,0,1, 0.00420, 0.00097, 0.00104, 0.00140, 0.00050,buy
2013-08-15,0,0,0,0,0,0,1,0,0,0,1, 0.00420, 0.00097, 0.00104, 0.00140, 0.00050,buy
2013-08-16,0,0,0,0,0,0,1,0,0,0,1, 0.00420, 0.00097, 0.00104, 0.00140, 0.00050,buy
2013-08-17,0,0,0,0,0,0,1,0,0,0,1, 0.00420, 0.00097, 0.00104, 0.00140, 0.00050,buy
2013-08-18,0,0,0,0,0,0,1,0,0,0,1, 0.00420, 0.00097, 0.00104, 0.00140, 0.00050,buy
2013-09-20,0,0,0,0,0,0,0,1,0,0,1,-0.00308, 0.00005,-0.00161, 0.00098, 0.00088,buy
2013-09-21,0,0,0,0,0,0,0,1,0,0,1,-0.00308, 0.00005,-0.00161, 0.00098, 0.00088,buy
2013-09-22,0,0,0,0,0,0,0,1,0,0,1,-0.00308, 0.00005,-0.00161, 0.00098, 0.00088,buy
2013-09-23,0,0,0,0,0,0,0,1,0,0,1,-0.00308, 0.00005,-0.00161, 0.00098, 0.00088,buy
2013-09-24,0,0,0,0,0,0,0,1,0,0,1,-0.00308, 0.00005,-0.00161, 0.00098, 0.00088,buy
2013-09-25,0,0,0,0,0,0,0,1,0,0,1,-0.00308, 0.00005,-0.00161, 0.00098, 0.00088,buy
2013-09-26,0,0,0,0,0,0,0,1,0,0,1,-0.00308, 0.00005,-0.00161, 0.00098, 0.00088,buy
2013-09-27,0,0,0,0,0,0,0,1,0,0,1,-0.00308, 0.00005,-0.00161, 0.00098, 0.00088,buy
2013-09-28,0,0,0,0,0,0,0,1,0,0,1,-0.00308, 0.00005,-0.00161, 0.00098, 0.00088,buy
2013-09-29,0,0,0,0,0,0,0,1,0,0,1,-0.00308, 0.00005,-0.00161, 0.00098, 0.00088,buy
2013-09-30,0,0,0,0,0,0,0,1,0,0,1,-0.00308, 0.00005,-0.00161, 0.00098, 0.00088,buy
2013-10-01,0,0,0,0,0,0,0,1,0,0,1,-0.00308, 0.00005,-0.00161, 0.00098, 0.00088,buy
2013-10-29,0,0,0,0,0,0,0,0,1,0,1, 0.00598, 0.00591, 0.00752, 0.00532, 0.01134,sell
2013-10-30,0,0,0,0,0,0,0,0,1,0,1, 0.00598, 0.00591, 0.00752, 0.00532, 0.01134,sell
2013-10-31,0,0,0,0,0,0,0,0,1,0,1, 0.00598, 0.00591, 0.00752, 0.00532, 0.01134,sell
2013-11-01,0,0,0,0,0,0,0,0,1,0,1, 0.00598, 0.00591, 0.00752, 0.00532, 0.01134,sell
2013-11-02,0,0,0,0,0,0,0,0,1,0,1, 0.00598, 0.00591, 0.00752, 0.00532, 0.01134,sell
2013-11-03,0,0,0,0,0,0,0,0,1,0,1, 0.00598, 0.00591, 0.00752, 0.00532, 0.01134,sell
2013-11-04,0,0,0,0,0,0,0,0,1,0,1, 0.00598, 0.00591, 0.00752, 0.00532, 0.01134,sell
2013-11-05,0,0,0,0,0,0,0,0,1,0,1, 0.00598, 0.00591, 0.00752, 0.00532, 0.01134,sell
2013-11-06,0,0,0,0,0,0,0,0,1,0,1, 0.00598, 0.00591, 0.00752, 0.00532, 0.01134,sell
2013-11-07,0,0,0,0,0,0,0,0,1,0,1, 0.00598, 0.00591, 0.00752, 0.00532, 0.01134,sell
2013-11-08,0,0,0,0,0,0,0,0,1,0,1, 0.00598, 0.00591, 0.00752, 0.00532, 0.01134,sell
2013-12-30,0,0,0,0,0,0,0,0,0,1,1,-0.00181,-0.00325,-0.00222,-0.00232,-0.00265,buy
2013-12-31,0,0,0,0,0,0,0,0,0,1,1,-0.00181,-0.00325,-0.00222,-0.00232,-0.00265,buy
2014-01-01,0,0,0,0,0,0,0,0,0,1,1,-0.00181,-0.00325,-0.00222,-0.00232,-0.00265,buy
2014-01-02,0,0,0,0,0,0,0,0,0,1,1,-0.00181,-0.00325,-0.00222,-0.00232,-0.00265,buy
2014-01-03,0,0,0,0,0,0,0,0,0,1,1,-0.00181,-0.00325,-0.00222,-0.00232,-0.00265,buy
2014-01-04,0,0,0,0,0,0,0,0,0,1,1,-0.00181,-0.00325,-0.00222,-0.00232,-0.00265,buy
2014-01-05,0,0,0,0,0,0,0,0,0,1,1,-0.00181,-0.00325,-0.00222,-0.00232,-0.00265,buy
2014-01-06,0,0,0,0,0,0,0,0,0,1,1,-0.00181,-0.00325,-0.00222,-0.00232,-0.00265,buy
2014-01-20,0,1,0,0,0,0,0,0,0,0,1, 0.00012, 0.00055, 0.00170, 0.00382,-0.00090,buy
2014-01-21,0,1,0,0,0,0,0,0,0,0,1, 0.00012, 0.00055, 0.00170, 0.00382,-0.00090,buy
2014-01-22,0,1,0,0,0,0,0,0,0,0,1, 0.00012, 0.00055, 0.00170, 0.00382,-0.00090,buy
2014-01-23,0,1,0,0,0,0,0,0,0,0,1, 0.00012, 0.00055, 0.00170, 0.00382,-0.00090,buy
2014-01-24,0,1,0,0,0,0,0,0,0,0,1, 0.00012, 0.00055, 0.00170, 0.00382,-0.00090,buy
2014-01-25,0,1,0,0,0,0,0,0,0,0,1, 0.00012, 0.00055, 0.00170, 0.00382,-0.00090,buy
2014-01-26,0,1,0,0,0,0,0,0,0,0,1, 0.00012, 0.00055, 0.00170, 0.00382,-0.00090,buy
2014-02-12,0,0,1,0,0,0,0,0,0,0,1,-0.00098, 0.00358, 0.00797, 0.00209, 0.00276,buy
2014-02-13,0,0,1,0,0,0,0,0,0,0,1,-0.00098, 0.00358, 0.00797, 0.00209, 0.00276,buy
2014-02-14,0,0,1,0,0,0,0,0,0,0,1,-0.00098, 0.00358, 0.00797, 0.00209, 0.00276,buy
2014-02-15,0,0,1,0,0,0,0,0,0,0,1,-0.00098, 0.00358, 0.00797, 0.00209, 0.00276,buy
2014-02-16,0,0,1,0,0,0,0,0,0,0,1,-0.00098, 0.00358, 0.00797, 0.00209, 0.00276,buy
2014-02-17,0,0,1,0,0,0,0,0,0,0,1,-0.00098, 0.00358, 0.00797, 0.00209, 0.00276,buy
2014-03-01,0,0,0,1,0,0,0,0,0,0,1, 0.00539,-0.00128,-0.00029, 0.00320, 0.00118,buy
2014-03-02,0,0,0,1,0,0,0,0,0,0,1, 0.00539,-0.00128,-0.00029, 0.00320, 0.00118,buy
2014-03-03,0,0,0,1,0,0,0,0,0,0,1, 0.00539,-0.00128,-0.00029, 0.00320, 0.00118,buy
2014-03-04,0,0,0,1,0,0,0,0,0,0,1, 0.00539,-0.00128,-0.00029, 0.00320, 0.00118,buy
2014-03-05,0,0,0,1,0,0,0,0,0,0,1, 0.00539,-0.00128,-0.00029, 0.00320, 0.00118,buy
2014-03-15,0,0,0,0,1,0,0,0,0,0,1,-0.00418,-0.00515,-0.00261,-0.00489,-0.00514,buy
2014-03-16,0,0,0,0,1,0,0,0,0,0,1,-0.00418,-0.00515,-0.00261,-0.00489,-0.00514,buy
2014-03-17,0,0,0,0,1,0,0,0,0,0,1,-0.00418,-0.00515,-0.00261,-0.00489,-0.00514,buy
2014-03-18,0,0,0,0,1,0,0,0,0,0,1,-0.00418,-0.00515,-0.00261,-0.00489,-0.00514,buy
2014-04-07,0,0,0,0,0,1,0,0,0,0,1, 0.00147, 0.00135, 0.00511, 0.00178, 0.00080,buy
2014-04-08,0,0,0,0,0,1,0,0,0,0,1, 0.00147, 0.00135, 0.00511, 0.00178, 0.00080,buy
2014-04-09,0,0,0,0,0,1,0,0,0,0,1, 0.00147, 0.00135, 0.00511, 0.00178, 0.00080,buy
2014-04-10,0,0,0,0,0,1,0,0,0,0,1, 0.00147, 0.00135, 0.00511, 0.00178, 0.00080,buy
2014-04-30,0,0,0,0,1,0,0,0,0,0,1,-0.00418,-0.00515,-0.00261,-0.00489,-0.00514,buy
2014-05-01,0,0,0,0,1,0,0,0,0,0,1,-0.00418,-0.00515,-0.00261,-0.00489,-0.00514,buy
2014-05-02,0,0,0,0,1,0,0,0,0,0,1,-0.00418,-0.00515,-0.00261,-0.00489,-0.00514,buy
2014-05-03,0,0,0,0,1,0,0,0,0,0,1,-0.00418,-0.00515,-0.00261,-0.00489,-0.00514,buy
2014-05-13,0,0,0,1,0,0,0,0,0,0,1, 0.00539,-0.00128,-0.00029, 0.00320, 0.00118,buy
2014-05-14,0,0,0,1,0,0,0,0,0,0,1, 0.00539,-0.00128,-0.00029, 0.00320, 0.00118,buy
2014-05-15,0,0,0,1,0,0,0,0,0,0,1, 0.00539,-0.00128,-0.00029, 0.00320, 0.00118,buy
2014-05-16,0,0,0,1,0,0,0,0,0,0,1, 0.00539,-0.00128,-0.00029, 0.00320, 0.00118,buy
2014-05-17,0,0,0,1,0,0,0,0,0,0,1, 0.00539,-0.00128,-0.00029, 0.00320, 0.00118,buy
2014-05-28,0,0,1,0,0,0,0,0,0,0,1,-0.00098, 0.00358, 0.00797, 0.00209, 0.00276,buy
2014-05-29,0,0,1,0,0,0,0,0,0,0,1,-0.00098, 0.00358, 0.00797, 0.00209, 0.00276,buy
2014-05-30,0,0,1,0,0,0,0,0,0,0,1,-0.00098, 0.00358, 0.00797, 0.00209, 0.00276,buy
2014-05-31,0,0,1,0,0,0,0,0,0,0,1,-0.00098, 0.00358, 0.00797, 0.00209, 0.00276,buy
2014-06-01,0,0,1,0,0,0,0,0,0,0,1,-0.00098, 0.00358, 0.00797, 0.00209, 0.00276,buy
2014-06-02,0,0,1,0,0,0,0,0,0,0,1,-0.00098, 0.00358, 0.00797, 0.00209, 0.00276,buy
2014-06-21,0,1,0,0,0,0,0,0,0,0,1, 0.00012, 0.00055, 0.00170, 0.00382,-0.00090,buy
2014-06-22,0,1,0,0,0,0,0,0,0,0,1, 0.00012, 0.00055, 0.00170, 0.00382,-0.00090,buy
2014-06-23,0,1,0,0,0,0,0,0,0,0,1, 0.00012, 0.00055, 0.00170, 0.00382,-0.00090,buy
2014-06-24,0,1,0,0,0,0,0,0,0,0,1, 0.00012, 0.00055, 0.00170, 0.00382,-0.00090,buy
2014-06-25,0,1,0,0,0,0,0,0,0,0,1, 0.00012, 0.00055, 0.00170, 0.00382,-0.00090,buy
2014-06-26,0,1,0,0,0,0,0,0,0,0,1, 0.00012, 0.00055, 0.00170, 0.00382,-0.00090,buy
2014-06-27,0,1,0,0,0,0,0,0,0,0,1, 0.00012, 0.00055, 0.00170, 0.00382,-0.00090,buy
2014-07-15,0,0,0,0,0,0,0,0,0,1,1,-0.00181,-0.00325,-0.00222,-0.00232,-0.00265,buy
2014-07-16,0,0,0,0,0,0,0,0,0,1,1,-0.00181,-0.00325,-0.00222,-0.00232,-0.00265,buy
2014-07-17,0,0,0,0,0,0,0,0,0,1,1,-0.00181,-0.00325,-0.00222,-0.00232,-0.00265,buy
2014-07-18,0,0,0,0,0,0,0,0,0,1,1,-0.00181,-0.00325,-0.00222,-0.00232,-0.00265,buy
2014-07-19,0,0,0,0,0,0,0,0,0,1,1,-0.00181,-0.00325,-0.00222,-0.00232,-0.00265,buy
2014-07-20,0,0,0,0,0,0,0,0,0,1,1,-0.00181,-0.00325,-0.00222,-0.00232,-0.00265,buy
2014-07-21,0,0,0,0,0,0,0,0,0,1,1,-0.00181,-0.00325,-0.00222,-0.00232,-0.00265,buy
2014-07-22,0,0,0,0,0,0,0,0,0,1,1,-0.00181,-0.00325,-0.00222,-0.00232,-0.00265,buy
2014-07-23,0,0,0,0,0,0,0,0,0,1,1,-0.00181,-0.00325,-0.00222,-0.00232,-0.00265,buy
2014-10-07,0,0,0,0,0,0,0,0,1,0,1, 0.00598, 0.00591, 0.00752, 0.00532, 0.01134,sell
2014-10-08,0,0,0,0,0,0,0,0,1,0,1, 0.00598, 0.00591, 0.00752, 0.00532, 0.01134,sell
2014-10-09,0,0,0,0,0,0,0,0,1,0,1, 0.00598, 0.00591, 0.00752, 0.00532, 0.01134,sell
2014-10-10,0,0,0,0,0,0,0,0,1,0,1, 0.00598, 0.00591, 0.00752, 0.00532, 0.01134,sell
2014-10-11,0,0,0,0,0,0,0,0,1,0,1, 0.00598, 0.00591, 0.00752, 0.00532, 0.01134,sell
2014-10-12,0,0,0,0,0,0,0,0,1,0,1, 0.00598, 0.00591, 0.00752, 0.00532, 0.01134,sell
2014-10-13,0,0,0,0,0,0,0,0,1,0,1, 0.00598, 0.00591, 0.00752, 0.00532, 0.01134,sell
2014-10-14,0,0,0,0,0,0,0,0,1,0,1, 0.00598, 0.00591, 0.00752, 0.00532, 0.01134,sell
2014-10-15,0,0,0,0,0,0,0,0,1,0,1, 0.00598, 0.00591, 0.00752, 0.00532, 0.01134,sell
2014-10-16,0,0,0,0,0,0,0,0,1,0,1, 0.00598, 0.00591, 0.00752, 0.00532, 0.01134,sell
2014-10-17,0,0,0,0,0,0,0,0,1,0,1, 0.00598, 0.00591, 0.00752, 0.00532, 0.01134,sell
2014-10-18,0,0,0,0,0,0,0,0,1,0,1, 0.00598, 0.00591, 0.00752, 0.00532, 0.01134,sell
2014-10-19,0,0,0,0,0,0,0,0,1,0,1, 0.00598, 0.00591, 0.00752, 0.00532, 0.01134,sell
2014-10-20,0,0,0,0,0,0,0,0,1,0,1, 0.00598, 0.00591, 0.00752, 0.00532, 0.01134,sell
2014-10-21,0,0,0,0,0,0,0,0,1,0,1, 0.00598, 0.00591, 0.00752, 0.00532, 0.01134,sell
2014-10-22,0,0,0,0,0,0,0,0,1,0,1, 0.00598, 0.00591, 0.00752, 0.00532, 0.01134,sell
2014-12-06,0,0,0,0,0,0,0,1,0,0,1,-0.00308, 0.00005,-0.00161, 0.00098, 0.00088,buy
2014-12-07,0,0,0,0,0,0,0,1,0,0,1,-0.00308, 0.00005,-0.00161, 0.00098, 0.00088,buy
2014-12-08,0,0,0,0,0,0,0,1,0,0,1,-0.00308, 0.00005,-0.00161, 0.00098, 0.00088,buy
2014-12-09,0,0,0,0,0,0,0,1,0,0,1,-0.00308, 0.00005,-0.00161, 0.00098, 0.00088,buy
2014-12-10,0,0,0,0,0,0,0,1,0,0,1,-0.00308, 0.00005,-0.00161, 0.00098, 0.00088,buy
2014-12-11,0,0,0,0,0,0,0,1,0,0,1,-0.00308, 0.00005,-0.00161, 0.00098, 0.00088,buy
2014-12-12,0,0,0,0,0,0,0,1,0,0,1,-0.00308, 0.00005,-0.00161, 0.00098, 0.00088,buy
2014-12-13,0,0,0,0,0,0,0,1,0,0,1,-0.00308, 0.00005,-0.00161, 0.00098, 0.00088,buy
2014-12-14,0,0,0,0,0,0,0,1,0,0,1,-0.00308, 0.00005,-0.00161, 0.00098, 0.00088,buy
2014-12-15,0,0,0,0,0,0,0,1,0,0,1,-0.00308, 0.00005,-0.00161, 0.00098, 0.00088,buy
2014-12-16,0,0,0,0,0,0,0,1,0,0,1,-0.00308, 0.00005,-0.00161, 0.00098, 0.00088,buy
2014-12-17,0,0,0,0,0,0,0,1,0,0,1,-0.00308, 0.00005,-0.00161, 0.00098, 0.00088,buy
2014-12-18,0,0,0,0,0,0,0,1,0,0,1,-0.00308, 0.00005,-0.00161, 0.00098, 0.00088,buy
2014-12-19,0,0,0,0,0,0,0,1,0,0,1,-0.00308, 0.00005,-0.00161, 0.00098, 0.00088,buy
2014-12-20,0,0,0,0,0,0,0,1,0,0,1,-0.00308, 0.00005,-0.00161, 0.00098, 0.00088,buy
2014-12-21,0,0,0,0,0,0,0,1,0,0,1,-0.00308, 0.00005,-0.00161, 0.00098, 0.00088,buy
2014-12-22,0,0,0,0,0,0,0,1,0,0,1,-0.00308, 0.00005,-0.00161, 0.00098, 0.00088,buy
2015-02-07,0,0,0,0,0,0,1,0,0,0,1, 0.00420, 0.00097, 0.00104, 0.00140, 0.00050,buy
2015-02-08,0,0,0,0,0,0,1,0,0,0,1, 0.00420, 0.00097, 0.00104, 0.00140, 0.00050,buy
2015-02-09,0,0,0,0,0,0,1,0,0,0,1, 0.00420, 0.00097, 0.00104, 0.00140, 0.00050,buy
2015-02-10,0,0,0,0,0,0,1,0,0,0,1, 0.00420, 0.00097, 0.00104, 0.00140, 0.00050,buy
2015-02-11,0,0,0,0,0,0,1,0,0,0,1, 0.00420, 0.00097, 0.00104, 0.00140, 0.00050,buy
2015-02-12,0,0,0,0,0,0,1,0,0,0,1, 0.00420, 0.00097, 0.00104, 0.00140, 0.00050,buy
2015-02-13,0,0,0,0,0,0,1,0,0,0,1, 0.00420, 0.00097, 0.00104, 0.00140, 0.00050,buy
2015-02-14,0,0,0,0,0,0,1,0,0,0,1, 0.00420, 0.00097, 0.00104, 0.00140, 0.00050,buy
2015-02-15,0,0,0,0,0,0,1,0,0,0,1, 0.00420, 0.00097, 0.00104, 0.00140, 0.00050,buy
2015-02-16,0,0,0,0,0,0,1,0,0,0,1, 0.00420, 0.00097, 0.00104, 0.00140, 0.00050,buy
2015-02-17,0,0,0,0,0,0,1,0,0,0,1, 0.00420, 0.00097, 0.00104, 0.00140, 0.00050,buy
2015-02-18,0,0,0,0,0,0,1,0,0,0,1, 0.00420, 0.00097, 0.00104, 0.00140, 0.00050,buy
2015-02-19,0,0,0,0,0,0,1,0,0,0,1, 0.00420, 0.00097, 0.00104, 0.00140, 0.00050,buy
2015-02-20,0,0,0,0,0,0,1,0,0,0,1, 0.00420, 0.00097, 0.00104, 0.00140, 0.00050,buy
2015-02-21,0,0,0,0,0,0,1,0,0,0,1, 0.00420, 0.00097, 0.00104, 0.00140, 0.00050,buy
2015-02-22,0,0,0,0,0,0,1,0,0,0,1, 0.00420, 0.00097, 0.00104, 0.00140, 0.00050,buy
2015-02-23,0,0,0,0,0,0,1,0,0,0,1, 0.00420, 0.00097, 0.00104, 0.00140, 0.00050,buy
2015-02-24,0,0,0,0,0,0,1,0,0,0,1, 0.00420, 0.00097, 0.00104, 0.00140, 0.00050,buy
2015-06-07,1,0,0,0,0,0,0,0,0,0,1, 0.00054,-0.00271, 0.00585,-0.00173,-0.00217,buy
2015-06-08,1,0,0,0,0,0,0,0,0,0,1, 0.00054,-0.00271, 0.00585,-0.00173,-0.00217,buy
2015-06-09,1,0,0,0,0,0,0,0,0,0,1, 0.00054,-0.00271, 0.00585,-0.00173,-0.00217,buy
2015-06-10,1,0,0,0,0,0,0,0,0,0,1, 0.00054,-0.00271, 0.00585,-0.00173,-0.00217,buy
2015-06-11,1,0,0,0,0,0,0,0,0,0,1, 0.00054,-0.00271, 0.00585,-0.00173,-0.00217,buy
2015-06-12,1,0,0,0,0,0,0,0,0,0,1, 0.00054,-0.00271, 0.00585,-0.00173,-0.00217,buy
2015-06-13,1,0,0,0,0,0,0,0,0,0,1, 0.00054,-0.00271, 0.00585,-0.00173,-0.00217,buy
2015-06-14,1,0,0,0,0,0,0,0,0,0,1, 0.00054,-0.00271, 0.00585,-0.00173,-0.00217,buy
2015-06-15,1,0,0,0,0,0,0,0,0,0,1, 0.00054,-0.00271, 0.00585,-0.00173,-0.00217,buy
2015-06-16,1,0,0,0,0,0,0,0,0,0,1, 0.00054,-0.00271, 0.00585,-0.00173,-0.00217,buy
2015-06-17,1,0,0,0,0,0,0,0,0,0,1, 0.00054,-0.00271, 0.00585,-0.00173,-0.00217,buy
2015-06-18,1,0,0,0,0,0,0,0,0,0,1, 0.00054,-0.00271, 0.00585,-0.00173,-0.00217,buy
2015-06-19,1,0,0,0,0,0,0,0,0,0,1, 0.00054,-0.00271, 0.00585,-0.00173,-0.00217,buy
2015-06-20,1,0,0,0,0,0,0,0,0,0,1, 0.00054,-0.00271, 0.00585,-0.00173,-0.00217,buy
2015-06-21,1,0,0,0,0,0,0,0,0,0,1, 0.00054,-0.00271, 0.00585,-0.00173,-0.00217,buy
2015-09-14,0,0,0,0,0,0,1,0,0,0,1, 0.00420, 0.00097, 0.00104, 0.00140, 0.00050,buy
2015-09-15,0,0,0,0,0,0,1,0,0,0,1, 0.00420, 0.00097, 0.00104, 0.00140, 0.00050,buy
2015-09-16,0,0,0,0,0,0,1,0,0,0,1, 0.00420, 0.00097, 0.00104, 0.00140, 0.00050,buy
2015-09-17,0,0,0,0,0,0,1,0,0,0,1, 0.00420, 0.00097, 0.00104, 0.00140, 0.00050,buy
2015-09-18,0,0,0,0,0,0,1,0,0,0,1, 0.00420, 0.00097, 0.00104, 0.00140, 0.00050,buy
2015-09-19,0,0,0,0,0,0,1,0,0,0,1, 0.00420, 0.00097, 0.00104, 0.00140, 0.00050,buy
2015-09-20,0,0,0,0,0,0,1,0,0,0,1, 0.00420, 0.00097, 0.00104, 0.00140, 0.00050,buy
2015-09-21,0,0,0,0,0,0,1,0,0,0,1, 0.00420, 0.00097, 0.00104, 0.00140, 0.00050,buy
2015-09-22,0,0,0,0,0,0,1,0,0,0,1, 0.00420, 0.00097, 0.00104, 0.00140, 0.00050,buy
2015-09-23,0,0,0,0,0,0,1,0,0,0,1, 0.00420, 0.00097, 0.00104, 0.00140, 0.00050,buy
2015-09-24,0,0,0,0,0,0,1,0,0,0,1, 0.00420, 0.00097, 0.00104, 0.00140, 0.00050,buy
2015-09-25,0,0,0,0,0,0,1,0,0,0,1, 0.00420, 0.00097, 0.00104, 0.00140, 0.00050,buy
2015-10-25,0,0,0,0,0,0,0,1,0,0,1,-0.00308, 0.00005,-0.00161, 0.00098, 0.00088,buy
2015-10-26,0,0,0,0,0,0,0,1,0,0,1,-0.00308, 0.00005,-0.00161, 0.00098, 0.00088,buy
2015-10-27,0,0,0,0,0,0,0,1,0,0,1,-0.00308, 0.00005,-0.00161, 0.00098, 0.00088,buy
2015-10-28,0,0,0,0,0,0,0,1,0,0,1,-0.00308, 0.00005,-0.00161, 0.00098, 0.00088,buy
2015-10-29,0,0,0,0,0,0,0,1,0,0,1,-0.00308, 0.00005,-0.00161, 0.00098, 0.00088,buy
2015-10-30,0,0,0,0,0,0,0,1,0,0,1,-0.00308, 0.00005,-0.00161, 0.00098, 0.00088,buy
2015-10-31,0,0,0,0,0,0,0,1,0,0,1,-0.00308, 0.00005,-0.00161, 0.00098, 0.00088,buy
2015-11-01,0,0,0,0,0,0,0,1,0,0,1,-0.00308, 0.00005,-0.00161, 0.00098, 0.00088,buy
2015-11-02,0,0,0,0,0,0,0,1,0,0,1,-0.00308, 0.00005,-0.00161, 0.00098, 0.00088,buy
2015-11-03,0,0,0,0,0,0,0,1,0,0,1,-0.00308, 0.00005,-0.00161, 0.00098, 0.00088,buy
2015-11-04,0,0,0,0,0,0,0,1,0,0,1,-0.00308, 0.00005,-0.00161, 0.00098, 0.00088,buy
2015-12-01,0,0,0,0,0,0,0,0,1,0,1, 0.00598, 0.00591, 0.00752, 0.00532, 0.01134,sell
2015-12-02,0,0,0,0,0,0,0,0,1,0,1, 0.00598, 0.00591, 0.00752, 0.00532, 0.01134,sell
2015-12-03,0,0,0,0,0,0,0,0,1,0,1, 0.00598, 0.00591, 0.00752, 0.00532, 0.01134,sell
2015-12-04,0,0,0,0,0,0,0,0,1,0,1, 0.00598, 0.00591, 0.00752, 0.00532, 0.01134,sell
2015-12-05,0,0,0,0,0,0,0,0,1,0,1, 0.00598, 0.00591, 0.00752, 0.00532, 0.01134,sell
2015-12-06,0,0,0,0,0,0,0,0,1,0,1, 0.00598, 0.00591, 0.00752, 0.00532, 0.01134,sell
2015-12-07,0,0,0,0,0,0,0,0,1,0,1, 0.00598, 0.00591, 0.00752, 0.00532, 0.01134,sell
2015-12-08,0,0,0,0,0,0,0,0,1,0,1, 0.00598, 0.00591, 0.00752, 0.00532, 0.01134,sell
2015-12-09,0,0,0,0,0,0,0,0,1,0,1, 0.00598, 0.00591, 0.00752, 0.00532, 0.01134,sell
2015-12-10,0,0,0,0,0,0,0,0,1,0,1, 0.00598, 0.00591, 0.00752, 0.00532, 0.01134,sell
2015-12-11,0,0,0,0,0,0,0,0,1,0,1, 0.00598, 0.00591, 0.00752, 0.00532, 0.01134,sell
2016-02-03,0,0,0,0,0,0,0,0,0,1,1,-0.00181,-0.00325,-0.00222,-0.00232,-0.00265,buy
2016-02-04,0,0,0,0,0,0,0,0,0,1,1,-0.00181,-0.00325,-0.00222,-0.00232,-0.00265,buy
2016-02-05,0,0,0,0,0,0,0,0,0,1,1,-0.00181,-0.00325,-0.00222,-0.00232,-0.00265,buy
2016-02-06,0,0,0,0,0,0,0,0,0,1,1,-0.00181,-0.00325,-0.00222,-0.00232,-0.00265,buy
2016-02-07,0,0,0,0,0,0,0,0,0,1,1,-0.00181,-0.00325,-0.00222,-0.00232,-0.00265,buy
2016-02-08,0,0,0,0,0,0,0,0,0,1,1,-0.00181,-0.00325,-0.00222,-0.00232,-0.00265,buy
2016-02-09,0,0,0,0,0,0,0,0,0,1,1,-0.00181,-0.00325,-0.00222,-0.00232,-0.00265,buy
2016-02-10,0,0,0,0,0,0,0,0,0,1,1,-0.00181,-0.00325,-0.00222,-0.00232,-0.00265,buy
2016-02-11,0,0,0,0,0,0,0,0,0,1,1,-0.00181,-0.00325,-0.00222,-0.00232,-0.00265,buy
2016-02-27,0,1,0,0,0,0,0,0,0,0,1, 0.00012, 0.00055, 0.00170, 0.00382,-0.00090,buy
2016-02-28,0,1,0,0,0,0,0,0,0,0,1, 0.00012, 0.00055, 0.00170, 0.00382,-0.00090,buy
2016-02-29,0,1,0,0,0,0,0,0,0,0,1, 0.00012, 0.00055, 0.00170, 0.00382,-0.00090,buy
2016-03-01,0,1,0,0,0,0,0,0,0,0,1, 0.00012, 0.00055, 0.00170, 0.00382,-0.00090,buy
2016-03-02,0,1,0,0,0,0,0,0,0,0,1, 0.00012, 0.00055, 0.00170, 0.00382,-0.00090,buy
2016-03-03,0,1,0,0,0,0,0,0,0,0,1, 0.00012, 0.00055, 0.00170, 0.00382,-0.00090,buy
2016-03-04,0,1,0,0,0,0,0,0,0,0,1, 0.00012, 0.00055, 0.00170, 0.00382,-0.00090,buy
2016-03-23,0,0,1,0,0,0,0,0,0,0,1,-0.00098, 0.00358, 0.00797, 0.00209, 0.00276,buy
2016-03-24,0,0,1,0,0,0,0,0,0,0,1,-0.00098, 0.00358, 0.00797, 0.00209, 0.00276,buy
2016-03-25,0,0,1,0,0,0,0,0,0,0,1,-0.00098, 0.00358, 0.00797, 0.00209, 0.00276,buy
2016-03-26,0,0,1,0,0,0,0,0,0,0,1,-0.00098, 0.00358, 0.00797, 0.00209, 0.00276,buy
2016-03-27,0,0,1,0,0,0,0,0,0,0,1,-0.00098, 0.00358, 0.00797, 0.00209, 0.00276,buy
2016-03-28,0,0,1,0,0,0,0,0,0,0,1,-0.00098, 0.00358, 0.00797, 0.00209, 0.00276,buy
2016-03-29,0,0,1,0,0,0,0,0,0,0,1,-0.00098, 0.00358, 0.00797, 0.00209, 0.00276,buy
2016-04-11,0,0,0,1,0,0,0,0,0,0,1, 0.00539,-0.00128,-0.00029, 0.00320, 0.00118,buy
2016-04-12,0,0,0,1,0,0,0,0,0,0,1, 0.00539,-0.00128,-0.00029, 0.00320, 0.00118,buy
2016-04-13,0,0,0,1,0,0,0,0,0,0,1, 0.00539,-0.00128,-0.00029, 0.00320, 0.00118,buy
2016-04-14,0,0,0,1,0,0,0,0,0,0,1, 0.00539,-0.00128,-0.00029, 0.00320, 0.00118,buy
2016-04-15,0,0,0,1,0,0,0,0,0,0,1, 0.00539,-0.00128,-0.00029, 0.00320, 0.00118,buy
2016-04-26,0,0,0,0,1,0,0,0,0,0,1,-0.00418,-0.00515,-0.00261,-0.00489,-0.00514,buy
2016-04-27,0,0,0,0,1,0,0,0,0,0,1,-0.00418,-0.00515,-0.00261,-0.00489,-0.00514,buy
2016-04-28,0,0,0,0,1,0,0,0,0,0,1,-0.00418,-0.00515,-0.00261,-0.00489,-0.00514,buy
2016-04-29,0,0,0,0,1,0,0,0,0,0,1,-0.00418,-0.00515,-0.00261,-0.00489,-0.00514,buy
2016-05-20,0,0,0,0,0,1,0,0,0,0,1, 0.00147, 0.00135, 0.00511, 0.00178, 0.00080,buy
2016-05-21,0,0,0,0,0,1,0,0,0,0,1, 0.00147, 0.00135, 0.00511, 0.00178, 0.00080,buy
2016-05-22,0,0,0,0,0,1,0,0,0,0,1, 0.00147, 0.00135, 0.00511, 0.00178, 0.00080,buy
2016-05-23,0,0,0,0,0,1,0,0,0,0,1, 0.00147, 0.00135, 0.00511, 0.00178, 0.00080,buy
2016-06-13,0,0,0,0,1,0,0,0,0,0,1,-0.00418,-0.00515,-0.00261,-0.00489,-0.00514,buy
2016-06-14,0,0,0,0,1,0,0,0,0,0,1,-0.00418,-0.00515,-0.00261,-0.00489,-0.00514,buy
2016-06-15,0,0,0,0,1,0,0,0,0,0,1,-0.00418,-0.00515,-0.00261,-0.00489,-0.00514,buy
2016-06-16,0,0,0,0,1,0,0,0,0,0,1,-0.00418,-0.00515,-0.00261,-0.00489,-0.00514,buy
2016-06-27,0,0,0,1,0,0,0,0,0,0,1, 0.00539,-0.00128,-0.00029, 0.00320, 0.00118,buy
2016-06-28,0,0,0,1,0,0,0,0,0,0,1, 0.00539,-0.00128,-0.00029, 0.00320, 0.00118,buy
2016-06-29,0,0,0,1,0,0,0,0,0,0,1, 0.00539,-0.00128,-0.00029, 0.00320, 0.00118,buy
2016-06-30,0,0,0,1,0,0,0,0,0,0,1, 0.00539,-0.00128,-0.00029, 0.00320, 0.00118,buy
2016-07-01,0,0,0,1,0,0,0,0,0,0,1, 0.00539,-0.00128,-0.00029, 0.00320, 0.00118,buy
2016-07-14,0,0,1,0,0,0,0,0,0,0,1,-0.00098, 0.00358, 0.00797, 0.00209, 0.00276,buy
2016-07-15,0,0,1,0,0,0,0,0,0,0,1,-0.00098, 0.00358, 0.00797, 0.00209, 0.00276,buy
2016-07-16,0,0,1,0,0,0,0,0,0,0,1,-0.00098, 0.00358, 0.00797, 0.00209, 0.00276,buy
2016-07-17,0,0,1,0,0,0,0,0,0,0,1,-0.00098, 0.00358, 0.00797, 0.00209, 0.00276,buy
2016-07-18,0,0,1,0,0,0,0,0,0,0,1,-0.00098, 0.00358, 0.00797, 0.00209, 0.00276,buy
2016-07-19,0,0,1,0,0,0,0,0,0,0,1,-0.00098, 0.00358, 0.00797, 0.00209, 0.00276,buy
2016-08-10,0,1,0,0,0,0,0,0,0,0,1, 0.00012, 0.00055, 0.00170, 0.00382,-0.00090,buy
2016-08-11,0,1,0,0,0,0,0,0,0,0,1, 0.00012, 0.00055, 0.00170, 0.00382,-0.00090,buy
2016-08-12,0,1,0,0,0,0,0,0,0,0,1, 0.00012, 0.00055, 0.00170, 0.00382,-0.00090,buy
2016-08-13,0,1,0,0,0,0,0,0,0,0,1, 0.00012, 0.00055, 0.00170, 0.00382,-0.00090,buy
2016-08-14,0,1,0,0,0,0,0,0,0,0,1, 0.00012, 0.00055, 0.00170, 0.00382,-0.00090,buy
2016-08-15,0,1,0,0,0,0,0,0,0,0,1, 0.00012, 0.00055, 0.00170, 0.00382,-0.00090,buy
2016-08-16,0,1,0,0,0,0,0,0,0,0,1, 0.00012, 0.00055, 0.00170, 0.00382,-0.00090,buy
2016-08-17,0,1,0,0,0,0,0,0,0,0,1, 0.00012, 0.00055, 0.00170, 0.00382,-0.00090,buy
2016-08-18,0,1,0,0,0,0,0,0,0,0,1, 0.00012, 0.00055, 0.00170, 0.00382,-0.00090,buy
2016-09-08,0,0,0,0,0,0,0,0,0,1,1,-0.00181,-0.00325,-0.00222,-0.00232,-0.00265,buy
2016-09-09,0,0,0,0,0,0,0,0,0,1,1,-0.00181,-0.00325,-0.00222,-0.00232,-0.00265,buy
2016-09-10,0,0,0,0,0,0,0,0,0,1,1,-0.00181,-0.00325,-0.00222,-0.00232,-0.00265,buy
2016-09-11,0,0,0,0,0,0,0,0,0,1,1,-0.00181,-0.00325,-0.00222,-0.00232,-0.00265,buy
2016-09-12,0,0,0,0,0,0,0,0,0,1,1,-0.00181,-0.00325,-0.00222,-0.00232,-0.00265,buy
2016-09-13,0,0,0,0,0,0,0,0,0,1,1,-0.00181,-0.00325,-0.00222,-0.00232,-0.00265,buy
2016-09-14,0,0,0,0,0,0,0,0,0,1,1,-0.00181,-0.00325,-0.00222,-0.00232,-0.00265,buy
2016-09-15,0,0,0,0,0,0,0,0,0,1,1,-0.00181,-0.00325,-0.00222,-0.00232,-0.00265,buy
2016-09-16,0,0,0,0,0,0,0,0,0,1,1,-0.00181,-0.00325,-0.00222,-0.00232,-0.00265,buy
2016-09-17,0,0,0,0,0,0,0,0,0,1,1,-0.00181,-0.00325,-0.00222,-0.00232,-0.00265,buy
2016-09-18,0,0,0,0,0,0,0,0,0,1,1,-0.00181,-0.00325,-0.00222,-0.00232,-0.00265,buy
2016-09-19,0,0,0,0,0,0,0,0,0,1,1,-0.00181,-0.00325,-0.00222,-0.00232,-0.00265,buy
2016-12-19,0,0,0,0,0,0,0,0,1,0,1, 0.00598, 0.00591, 0.00752, 0.00532, 0.01134,sell
2016-12-20,0,0,0,0,0,0,0,0,1,0,1, 0.00598, 0.00591, 0.00752, 0.00532, 0.01134,sell
2016-12-21,0,0,0,0,0,0,0,0,1,0,1, 0.00598, 0.00591, 0.00752, 0.00532, 0.01134,sell
2016-12-22,0,0,0,0,0,0,0,0,1,0,1, 0.00598, 0.00591, 0.00752, 0.00532, 0.01134,sell
2016-12-23,0,0,0,0,0,0,0,0,1,0,1, 0.00598, 0.00591, 0.00752, 0.00532, 0.01134,sell
2016-12-24,0,0,0,0,0,0,0,0,1,0,1, 0.00598, 0.00591, 0.00752, 0.00532, 0.01134,sell
2016-12-25,0,0,0,0,0,0,0,0,1,0,1, 0.00598, 0.00591, 0.00752, 0.00532, 0.01134,sell
2016-12-26,0,0,0,0,0,0,0,0,1,0,1, 0.00598, 0.00591, 0.00752, 0.00532, 0.01134,sell
2016-12-27,0,0,0,0,0,0,0,0,1,0,1, 0.00598, 0.00591, 0.00752, 0.00532, 0.01134,sell
2016-12-28,0,0,0,0,0,0,0,0,1,0,1, 0.00598, 0.00591, 0.00752, 0.00532, 0.01134,sell
2016-12-29,0,0,0,0,0,0,0,0,1,0,1, 0.00598, 0.00591, 0.00752, 0.00532, 0.01134,sell
2016-12-30,0,0,0,0,0,0,0,0,1,0,1, 0.00598, 0.00591, 0.00752, 0.00532, 0.01134,sell
2016-12-31,0,0,0,0,0,0,0,0,1,0,1, 0.00598, 0.00591, 0.00752, 0.00532, 0.01134,sell
2017-01-01,0,0,0,0,0,0,0,0,1,0,1, 0.00598, 0.00591, 0.00752, 0.00532, 0.01134,sell
2017-01-02,0,0,0,0,0,0,0,0,1,0,1, 0.00598, 0.00591, 0.00752, 0.00532, 0.01134,sell
2017-01-03,0,0,0,0,0,0,0,0,1,0,1, 0.00598, 0.00591, 0.00752, 0.00532, 0.01134,sell
2017-02-13,0,0,0,0,0,0,0,1,0,0,1,-0.00308, 0.00005,-0.00161, 0.00098, 0.00088,buy
2017-02-14,0,0,0,0,0,0,0,1,0,0,1,-0.00308, 0.00005,-0.00161, 0.00098, 0.00088,buy
2017-02-15,0,0,0,0,0,0,0,1,0,0,1,-0.00308, 0.00005,-0.00161, 0.00098, 0.00088,buy
2017-02-16,0,0,0,0,0,0,0,1,0,0,1,-0.00308, 0.00005,-0.00161, 0.00098, 0.00088,buy
2017-02-17,0,0,0,0,0,0,0,1,0,0,1,-0.00308, 0.00005,-0.00161, 0.00098, 0.00088,buy
2017-02-18,0,0,0,0,0,0,0,1,0,0,1,-0.00308, 0.00005,-0.00161, 0.00098, 0.00088,buy
2017-02-19,0,0,0,0,0,0,0,1,0,0,1,-0.00308, 0.00005,-0.00161, 0.00098, 0.00088,buy
2017-02-20,0,0,0,0,0,0,0,1,0,0,1,-0.00308, 0.00005,-0.00161, 0.00098, 0.00088,buy
2017-02-21,0,0,0,0,0,0,0,1,0,0,1,-0.00308, 0.00005,-0.00161, 0.00098, 0.00088,buy
2017-02-22,0,0,0,0,0,0,0,1,0,0,1,-0.00308, 0.00005,-0.00161, 0.00098, 0.00088,buy
2017-02-23,0,0,0,0,0,0,0,1,0,0,1,-0.00308, 0.00005,-0.00161, 0.00098, 0.00088,buy
2017-02-24,0,0,0,0,0,0,0,1,0,0,1,-0.00308, 0.00005,-0.00161, 0.00098, 0.00088,buy
2017-02-25,0,0,0,0,0,0,0,1,0,0,1,-0.00308, 0.00005,-0.00161, 0.00098, 0.00088,buy
2017-02-26,0,0,0,0,0,0,0,1,0,0,1,-0.00308, 0.00005,-0.00161, 0.00098, 0.00088,buy
2017-02-27,0,0,0,0,0,0,0,1,0,0,1,-0.00308, 0.00005,-0.00161, 0.00098, 0.00088,buy
2017-02-28,0,0,0,0,0,0,0,1,0,0,1,-0.00308, 0.00005,-0.00161, 0.00098, 0.00088,buy
2017-04-09,0,0,0,0,0,0,1,0,0,0,1, 0.00420, 0.00097, 0.00104, 0.00140, 0.00050,buy
2017-04-10,0,0,0,0,0,0,1,0,0,0,1, 0.00420, 0.00097, 0.00104, 0.00140, 0.00050,buy
2017-04-11,0,0,0,0,0,0,1,0,0,0,1, 0.00420, 0.00097, 0.00104, 0.00140, 0.00050,buy
2017-04-12,0,0,0,0,0,0,1,0,0,0,1, 0.00420, 0.00097, 0.00104, 0.00140, 0.00050,buy
2017-04-13,0,0,0,0,0,0,1,0,0,0,1, 0.00420, 0.00097, 0.00104, 0.00140, 0.00050,buy
2017-04-14,0,0,0,0,0,0,1,0,0,0,1, 0.00420, 0.00097, 0.00104, 0.00140, 0.00050,buy
2017-04-15,0,0,0,0,0,0,1,0,0,0,1, 0.00420, 0.00097, 0.00104, 0.00140, 0.00050,buy
2017-04-16,0,0,0,0,0,0,1,0,0,0,1, 0.00420, 0.00097, 0.00104, 0.00140, 0.00050,buy
2017-04-17,0,0,0,0,0,0,1,0,0,0,1, 0.00420, 0.00097, 0.00104, 0.00140, 0.00050,buy
2017-04-18,0,0,0,0,0,0,1,0,0,0,1, 0.00420, 0.00097, 0.00104, 0.00140, 0.00050,buy
2017-04-19,0,0,0,0,0,0,1,0,0,0,1, 0.00420, 0.00097, 0.00104, 0.00140, 0.00050,buy
2017-04-20,0,0,0,0,0,0,1,0,0,0,1, 0.00420, 0.00097, 0.00104, 0.00140, 0.00050,buy
2017-04-21,0,0,0,0,0,0,1,0,0,0,1, 0.00420, 0.00097, 0.00104, 0.00140, 0.00050,buy
2017-04-22,0,0,0,0,0,0,1,0,0,0,1, 0.00420, 0.00097, 0.00104, 0.00140, 0.00050,buy
2017-04-23,0,0,0,0,0,0,1,0,0,0,1, 0.00420, 0.00097, 0.00104, 0.00140, 0.00050,buy
2017-07-20,1,0,0,0,0,0,0,0,0,0,1, 0.00054,-0.00271, 0.00585,-0.00173,-0.00217,buy
2017-07-21,1,0,0,0,0,0,0,0,0,0,1, 0.00054,-0.00271, 0.00585,-0.00173,-0.00217,buy
2017-07-22,1,0,0,0,0,0,0,0,0,0,1, 0.00054,-0.00271, 0.00585,-0.00173,-0.00217,buy
2017-07-23,1,0,0,0,0,0,0,0,0,0,1, 0.00054,-0.00271, 0.00585,-0.00173,-0.00217,buy
2017-07-24,1,0,0,0,0,0,0,0,0,0,1, 0.00054,-0.00271, 0.00585,-0.00173,-0.00217,buy
2017-07-25,1,0,0,0,0,0,0,0,0,0,1, 0.00054,-0.00271, 0.00585,-0.00173,-0.00217,buy
2017-07-26,1,0,0,0,0,0,0,0,0,0,1, 0.00054,-0.00271, 0.00585,-0.00173,-0.00217,buy
2017-07-27,1,0,0,0,0,0,0,0,0,0,1, 0.00054,-0.00271, 0.00585,-0.00173,-0.00217,buy
2017-07-28,1,0,0,0,0,0,0,0,0,0,1, 0.00054,-0.00271, 0.00585,-0.00173,-0.00217,buy
2017-07-29,1,0,0,0,0,0,0,0,0,0,1, 0.00054,-0.00271, 0.00585,-0.00173,-0.00217,buy
2017-07-30,1,0,0,0,0,0,0,0,0,0,1, 0.00054,-0.00271, 0.00585,-0.00173,-0.00217,buy
2017-07-31,1,0,0,0,0,0,0,0,0,0,1, 0.00054,-0.00271, 0.00585,-0.00173,-0.00217,buy
2017-08-01,1,0,0,0,0,0,0,0,0,0,1, 0.00054,-0.00271, 0.00585,-0.00173,-0.00217,buy
2017-08-02,1,0,0,0,0,0,0,0,0,0,1, 0.00054,-0.00271, 0.00585,-0.00173,-0.00217,buy
2017-10-18,0,0,0,0,0,0,1,0,0,0,1, 0.00420, 0.00097, 0.00104, 0.00140, 0.00050,buy
2017-10-19,0,0,0,0,0,0,1,0,0,0,1, 0.00420, 0.00097, 0.00104, 0.00140, 0.00050,buy
2017-10-20,0,0,0,0,0,0,1,0,0,0,1, 0.00420, 0.00097, 0.00104, 0.00140, 0.00050,buy
2017-10-21,0,0,0,0,0,0,1,0,0,0,1, 0.00420, 0.00097, 0.00104, 0.00140, 0.00050,buy
2017-10-22,0,0,0,0,0,0,1,0,0,0,1, 0.00420, 0.00097, 0.00104, 0.00140, 0.00050,buy
2017-10-23,0,0,0,0,0,0,1,0,0,0,1, 0.00420, 0.00097, 0.00104, 0.00140, 0.00050,buy
2017-10-24,0,0,0,0,0,0,1,0,0,0,1, 0.00420, 0.00097, 0.00104, 0.00140, 0.00050,buy
2017-10-25,0,0,0,0,0,0,1,0,0,0,1, 0.00420, 0.00097, 0.00104, 0.00140, 0.00050,buy
2017-10-26,0,0,0,0,0,0,1,0,0,0,1, 0.00420, 0.00097, 0.00104, 0.00140, 0.00050,buy
2017-10-27,0,0,0,0,0,0,1,0,0,0,1, 0.00420, 0.00097, 0.00104, 0.00140, 0.00050,buy
2017-10-28,0,0,0,0,0,0,1,0,0,0,1, 0.00420, 0.00097, 0.00104, 0.00140, 0.00050,buy
2017-10-29,0,0,0,0,0,0,1,0,0,0,1, 0.00420, 0.00097, 0.00104, 0.00140, 0.00050,buy
2017-11-27,0,0,0,0,0,0,0,1,0,0,1,-0.00308, 0.00005,-0.00161, 0.00098, 0.00088,buy
2017-11-28,0,0,0,0,0,0,0,1,0,0,1,-0.00308, 0.00005,-0.00161, 0.00098, 0.00088,buy
2017-11-29,0,0,0,0,0,0,0,1,0,0,1,-0.00308, 0.00005,-0.00161, 0.00098, 0.00088,buy
2017-11-30,0,0,0,0,0,0,0,1,0,0,1,-0.00308, 0.00005,-0.00161, 0.00098, 0.00088,buy
2017-12-01,0,0,0,0,0,0,0,1,0,0,1,-0.00308, 0.00005,-0.00161, 0.00098, 0.00088,buy
2017-12-02,0,0,0,0,0,0,0,1,0,0,1,-0.00308, 0.00005,-0.00161, 0.00098, 0.00088,buy
2017-12-03,0,0,0,0,0,0,0,1,0,0,1,-0.00308, 0.00005,-0.00161, 0.00098, 0.00088,buy
2017-12-04,0,0,0,0,0,0,0,1,0,0,1,-0.00308, 0.00005,-0.00161, 0.00098, 0.00088,buy
2017-12-05,0,0,0,0,0,0,0,1,0,0,1,-0.00308, 0.00005,-0.00161, 0.00098, 0.00088,buy
2017-12-06,0,0,0,0,0,0,0,1,0,0,1,-0.00308, 0.00005,-0.00161, 0.00098, 0.00088,buy
2017-12-07,0,0,0,0,0,0,0,1,0,0,1,-0.00308, 0.00005,-0.00161, 0.00098, 0.00088,buy
2017-12-08,0,0,0,0,0,0,0,1,0,0,1,-0.00308, 0.00005,-0.00161, 0.00098, 0.00088,buy
2018-01-05,0,0,0,0,0,0,0,0,1,0,1, 0.00598, 0.00591, 0.00752, 0.00532, 0.01134,sell
2018-01-06,0,0,0,0,0,0,0,0,1,0,1, 0.00598, 0.00591, 0.00752, 0.00532, 0.01134,sell
2018-01-07,0,0,0,0,0,0,0,0,1,0,1, 0.00598, 0.00591, 0.00752, 0.00532, 0.01134,sell
2018-01-08,0,0,0,0,0,0,0,0,1,0,1, 0.00598, 0.00591, 0.00752, 0.00532, 0.01134,sell
2018-01-09,0,0,0,0,0,0,0,0,1,0,1, 0.00598, 0.00591, 0.00752, 0.00532, 0.01134,sell
2018-01-10,0,0,0,0,0,0,0,0,1,0,1, 0.00598, 0.00591, 0.00752, 0.00532, 0.01134,sell
2018-01-11,0,0,0,0,0,0,0,0,1,0,1, 0.00598, 0.00591, 0.00752, 0.00532, 0.01134,sell
2018-01-12,0,0,0,0,0,0,0,0,1,0,1, 0.00598, 0.00591, 0.00752, 0.00532, 0.01134,sell
2018-01-13,0,0,0,0,0,0,0,0,1,0,1, 0.00598, 0.00591, 0.00752, 0.00532, 0.01134,sell
2018-01-14,0,0,0,0,0,0,0,0,1,0,1, 0.00598, 0.00591, 0.00752, 0.00532, 0.01134,sell
2018-01-15,0,0,0,0,0,0,0,0,1,0,1, 0.00598, 0.00591, 0.00752, 0.00532, 0.01134,sell
2018-03-19,0,0,0,0,0,0,0,0,0,1,1,-0.00181,-0.00325,-0.00222,-0.00232,-0.00265,buy
2018-03-20,0,0,0,0,0,0,0,0,0,1,1,-0.00181,-0.00325,-0.00222,-0.00232,-0.00265,buy
2018-03-21,0,0,0,0,0,0,0,0,0,1,1,-0.00181,-0.00325,-0.00222,-0.00232,-0.00265,buy
2018-03-22,0,0,0,0,0,0,0,0,0,1,1,-0.00181,-0.00325,-0.00222,-0.00232,-0.00265,buy
2018-03-23,0,0,0,0,0,0,0,0,0,1,1,-0.00181,-0.00325,-0.00222,-0.00232,-0.00265,buy
2018-03-24,0,0,0,0,0,0,0,0,0,1,1,-0.00181,-0.00325,-0.00222,-0.00232,-0.00265,buy
2018-03-25,0,0,0,0,0,0,0,0,0,1,1,-0.00181,-0.00325,-0.00222,-0.00232,-0.00265,buy
2018-03-26,0,0,0,0,0,0,0,0,0,1,1,-0.00181,-0.00325,-0.00222,-0.00232,-0.00265,buy
2018-03-27,0,0,0,0,0,0,0,0,0,1,1,-0.00181,-0.00325,-0.00222,-0.00232,-0.00265,buy
2018-03-28,0,0,0,0,0,0,0,0,0,1,1,-0.00181,-0.00325,-0.00222,-0.00232,-0.00265,buy
2018-03-29,0,0,0,0,0,0,0,0,0,1,1,-0.00181,-0.00325,-0.00222,-0.00232,-0.00265,buy
2018-04-18,0,1,0,0,0,0,0,0,0,0,1, 0.00012, 0.00055, 0.00170, 0.00382,-0.00090,buy
2018-04-19,0,1,0,0,0,0,0,0,0,0,1, 0.00012, 0.00055, 0.00170, 0.00382,-0.00090,buy
2018-04-20,0,1,0,0,0,0,0,0,0,0,1, 0.00012, 0.00055, 0.00170, 0.00382,-0.00090,buy
2018-04-21,0,1,0,0,0,0,0,0,0,0,1, 0.00012, 0.00055, 0.00170, 0.00382,-0.00090,buy
2018-04-22,0,1,0,0,0,0,0,0,0,0,1, 0.00012, 0.00055, 0.00170, 0.00382,-0.00090,buy
2018-04-23,0,1,0,0,0,0,0,0,0,0,1, 0.00012, 0.00055, 0.00170, 0.00382,-0.00090,buy
2018-04-24,0,1,0,0,0,0,0,0,0,0,1, 0.00012, 0.00055, 0.00170, 0.00382,-0.00090,buy
2018-04-25,0,1,0,0,0,0,0,0,0,0,1, 0.00012, 0.00055, 0.00170, 0.00382,-0.00090,buy
2018-04-26,0,1,0,0,0,0,0,0,0,0,1, 0.00012, 0.00055, 0.00170, 0.00382,-0.00090,buy
2018-05-20,0,0,1,0,0,0,0,0,0,0,1,-0.00098, 0.00358, 0.00797, 0.00209, 0.00276,buy
2018-05-21,0,0,1,0,0,0,0,0,0,0,1,-0.00098, 0.00358, 0.00797, 0.00209, 0.00276,buy
2018-05-22,0,0,1,0,0,0,0,0,0,0,1,-0.00098, 0.00358, 0.00797, 0.00209, 0.00276,buy
2018-05-23,0,0,1,0,0,0,0,0,0,0,1,-0.00098, 0.00358, 0.00797, 0.00209, 0.00276,buy
2018-05-24,0,0,1,0,0,0,0,0,0,0,1,-0.00098, 0.00358, 0.00797, 0.00209, 0.00276,buy
2018-05-25,0,0,1,0,0,0,0,0,0,0,1,-0.00098, 0.00358, 0.00797, 0.00209, 0.00276,buy
2018-05-26,0,0,1,0,0,0,0,0,0,0,1,-0.00098, 0.00358, 0.00797, 0.00209, 0.00276,buy
2018-05-27,0,0,1,0,0,0,0,0,0,0,1,-0.00098, 0.00358, 0.00797, 0.00209, 0.00276,buy
2018-06-11,0,0,0,1,0,0,0,0,0,0,1, 0.00539,-0.00128,-0.00029, 0.00320, 0.00118,buy
2018-06-12,0,0,0,1,0,0,0,0,0,0,1, 0.00539,-0.00128,-0.00029, 0.00320, 0.00118,buy
2018-06-13,0,0,0,1,0,0,0,0,0,0,1, 0.00539,-0.00128,-0.00029, 0.00320, 0.00118,buy
2018-06-14,0,0,0,1,0,0,0,0,0,0,1, 0.00539,-0.00128,-0.00029, 0.00320, 0.00118,buy
2018-06-15,0,0,0,1,0,0,0,0,0,0,1, 0.00539,-0.00128,-0.00029, 0.00320, 0.00118,buy
2018-06-16,0,0,0,1,0,0,0,0,0,0,1, 0.00539,-0.00128,-0.00029, 0.00320, 0.00118,buy
2018-06-28,0,0,0,0,1,0,0,0,0,0,1,-0.00418,-0.00515,-0.00261,-0.00489,-0.00514,buy
2018-06-29,0,0,0,0,1,0,0,0,0,0,1,-0.00418,-0.00515,-0.00261,-0.00489,-0.00514,buy
2018-06-30,0,0,0,0,1,0,0,0,0,0,1,-0.00418,-0.00515,-0.00261,-0.00489,-0.00514,buy
2018-07-01,0,0,0,0,1,0,0,0,0,0,1,-0.00418,-0.00515,-0.00261,-0.00489,-0.00514,buy
2018-07-02,0,0,0,0,1,0,0,0,0,0,1,-0.00418,-0.00515,-0.00261,-0.00489,-0.00514,buy
2018-07-25,0,0,0,0,0,1,0,0,0,0,1, 0.00147, 0.00135, 0.00511, 0.00178, 0.00080,buy
2018-07-26,0,0,0,0,0,1,0,0,0,0,1, 0.00147, 0.00135, 0.00511, 0.00178, 0.00080,buy
2018-07-27,0,0,0,0,0,1,0,0,0,0,1, 0.00147, 0.00135, 0.00511, 0.00178, 0.00080,buy
2018-07-28,0,0,0,0,0,1,0,0,0,0,1, 0.00147, 0.00135, 0.00511, 0.00178, 0.00080,buy
2018-08-20,0,0,0,0,1,0,0,0,0,0,1,-0.00418,-0.00515,-0.00261,-0.00489,-0.00514,buy
2018-08-21,0,0,0,0,1,0,0,0,0,0,1,-0.00418,-0.00515,-0.00261,-0.00489,-0.00514,buy
2018-08-22,0,0,0,0,1,0,0,0,0,0,1,-0.00418,-0.00515,-0.00261,-0.00489,-0.00514,buy
2018-08-23,0,0,0,0,1,0,0,0,0,0,1,-0.00418,-0.00515,-0.00261,-0.00489,-0.00514,buy
2018-09-04,0,0,0,1,0,0,0,0,0,0,1, 0.00539,-0.00128,-0.00029, 0.00320, 0.00118,buy
2018-09-05,0,0,0,1,0,0,0,0,0,0,1, 0.00539,-0.00128,-0.00029, 0.00320, 0.00118,buy
2018-09-06,0,0,0,1,0,0,0,0,0,0,1, 0.00539,-0.00128,-0.00029, 0.00320, 0.00118,buy
2018-09-07,0,0,0,1,0,0,0,0,0,0,1, 0.00539,-0.00128,-0.00029, 0.00320, 0.00118,buy
2018-09-08,0,0,0,1,0,0,0,0,0,0,1, 0.00539,-0.00128,-0.00029, 0.00320, 0.00118,buy
2018-09-09,0,0,0,1,0,0,0,0,0,0,1, 0.00539,-0.00128,-0.00029, 0.00320, 0.00118,buy
2018-09-24,0,0,1,0,0,0,0,0,0,0,1,-0.00098, 0.00358, 0.00797, 0.00209, 0.00276,buy
2018-09-25,0,0,1,0,0,0,0,0,0,0,1,-0.00098, 0.00358, 0.00797, 0.00209, 0.00276,buy
2018-09-26,0,0,1,0,0,0,0,0,0,0,1,-0.00098, 0.00358, 0.00797, 0.00209, 0.00276,buy
2018-09-27,0,0,1,0,0,0,0,0,0,0,1,-0.00098, 0.00358, 0.00797, 0.00209, 0.00276,buy
2018-09-28,0,0,1,0,0,0,0,0,0,0,1,-0.00098, 0.00358, 0.00797, 0.00209, 0.00276,buy
2018-09-29,0,0,1,0,0,0,0,0,0,0,1,-0.00098, 0.00358, 0.00797, 0.00209, 0.00276,buy
2018-09-30,0,0,1,0,0,0,0,0,0,0,1,-0.00098, 0.00358, 0.00797, 0.00209, 0.00276,buy
2018-10-01,0,0,1,0,0,0,0,0,0,0,1,-0.00098, 0.00358, 0.00797, 0.00209, 0.00276,buy
2018-10-26,0,1,0,0,0,0,0,0,0,0,1, 0.00012, 0.00055, 0.00170, 0.00382,-0.00090,buy
2018-10-27,0,1,0,0,0,0,0,0,0,0,1, 0.00012, 0.00055, 0.00170, 0.00382,-0.00090,buy
2018-10-28,0,1,0,0,0,0,0,0,0,0,1, 0.00012, 0.00055, 0.00170, 0.00382,-0.00090,buy
2018-10-29,0,1,0,0,0,0,0,0,0,0,1, 0.00012, 0.00055, 0.00170, 0.00382,-0.00090,buy
2018-10-30,0,1,0,0,0,0,0,0,0,0,1, 0.00012, 0.00055, 0.00170, 0.00382,-0.00090,buy
2018-10-31,0,1,0,0,0,0,0,0,0,0,1, 0.00012, 0.00055, 0.00170, 0.00382,-0.00090,buy
2018-11-01,0,1,0,0,0,0,0,0,0,0,1, 0.00012, 0.00055, 0.00170, 0.00382,-0.00090,buy
2018-11-02,0,1,0,0,0,0,0,0,0,0,1, 0.00012, 0.00055, 0.00170, 0.00382,-0.00090,buy
2018-11-03,0,1,0,0,0,0,0,0,0,0,1, 0.00012, 0.00055, 0.00170, 0.00382,-0.00090,buy
2018-11-04,0,1,0,0,0,0,0,0,0,0,1, 0.00012, 0.00055, 0.00170, 0.00382,-0.00090,buy
2018-11-27,0,0,0,0,0,0,0,0,0,1,1,-0.00181,-0.00325,-0.00222,-0.00232,-0.00265,buy
2018-11-28,0,0,0,0,0,0,0,0,0,1,1,-0.00181,-0.00325,-0.00222,-0.00232,-0.00265,buy
2018-11-29,0,0,0,0,0,0,0,0,0,1,1,-0.00181,-0.00325,-0.00222,-0.00232,-0.00265,buy
2018-11-30,0,0,0,0,0,0,0,0,0,1,1,-0.00181,-0.00325,-0.00222,-0.00232,-0.00265,buy
2018-12-01,0,0,0,0,0,0,0,0,0,1,1,-0.00181,-0.00325,-0.00222,-0.00232,-0.00265,buy
2018-12-02,0,0,0,0,0,0,0,0,0,1,1,-0.00181,-0.00325,-0.00222,-0.00232,-0.00265,buy
2018-12-03,0,0,0,0,0,0,0,0,0,1,1,-0.00181,-0.00325,-0.00222,-0.00232,-0.00265,buy
2018-12-04,0,0,0,0,0,0,0,0,0,1,1,-0.00181,-0.00325,-0.00222,-0.00232,-0.00265,buy
2018-12-05,0,0,0,0,0,0,0,0,0,1,1,-0.00181,-0.00325,-0.00222,-0.00232,-0.00265,buy
2018-12-06,0,0,0,0,0,0,0,0,0,1,1,-0.00181,-0.00325,-0.00222,-0.00232,-0.00265,buy
2018-12-07,0,0,0,0,0,0,0,0,0,1,1,-0.00181,-0.00325,-0.00222,-0.00232,-0.00265,buy
2018-12-08,0,0,0,0,0,0,0,0,0,1,1,-0.00181,-0.00325,-0.00222,-0.00232,-0.00265,buy
2019-02-22,0,0,0,0,0,0,0,0,1,0,1, 0.00598, 0.00591, 0.00752, 0.00532, 0.01134,sell
2019-02-23,0,0,0,0,0,0,0,0,1,0,1, 0.00598, 0.00591, 0.00752, 0.00532, 0.01134,sell
2019-02-24,0,0,0,0,0,0,0,0,1,0,1, 0.00598, 0.00591, 0.00752, 0.00532, 0.01134,sell
2019-02-25,0,0,0,0,0,0,0,0,1,0,1, 0.00598, 0.00591, 0.00752, 0.00532, 0.01134,sell
2019-02-26,0,0,0,0,0,0,0,0,1,0,1, 0.00598, 0.00591, 0.00752, 0.00532, 0.01134,sell
2019-02-27,0,0,0,0,0,0,0,0,1,0,1, 0.00598, 0.00591, 0.00752, 0.00532, 0.01134,sell
2019-02-28,0,0,0,0,0,0,0,0,1,0,1, 0.00598, 0.00591, 0.00752, 0.00532, 0.01134,sell
2019-03-01,0,0,0,0,0,0,0,0,1,0,1, 0.00598, 0.00591, 0.00752, 0.00532, 0.01134,sell
2019-03-02,0,0,0,0,0,0,0,0,1,0,1, 0.00598, 0.00591, 0.00752, 0.00532, 0.01134,sell
2019-03-03,0,0,0,0,0,0,0,0,1,0,1, 0.00598, 0.00591, 0.00752, 0.00532, 0.01134,sell
2019-03-04,0,0,0,0,0,0,0,0,1,0,1, 0.00598, 0.00591, 0.00752, 0.00532, 0.01134,sell
2019-03-05,0,0,0,0,0,0,0,0,1,0,1, 0.00598, 0.00591, 0.00752, 0.00532, 0.01134,sell
2019-03-06,0,0,0,0,0,0,0,0,1,0,1, 0.00598, 0.00591, 0.00752, 0.00532, 0.01134,sell
2019-04-08,0,0,0,0,0,0,0,1,0,0,1,-0.00308, 0.00005,-0.00161, 0.00098, 0.00088,buy
2019-04-09,0,0,0,0,0,0,0,1,0,0,1,-0.00308, 0.00005,-0.00161, 0.00098, 0.00088,buy
2019-04-10,0,0,0,0,0,0,0,1,0,0,1,-0.00308, 0.00005,-0.00161, 0.00098, 0.00088,buy
2019-04-11,0,0,0,0,0,0,0,1,0,0,1,-0.00308, 0.00005,-0.00161, 0.00098, 0.00088,buy
2019-04-12,0,0,0,0,0,0,0,1,0,0,1,-0.00308, 0.00005,-0.00161, 0.00098, 0.00088,buy
2019-04-13,0,0,0,0,0,0,0,1,0,0,1,-0.00308, 0.00005,-0.00161, 0.00098, 0.00088,buy
2019-04-14,0,0,0,0,0,0,0,1,0,0,1,-0.00308, 0.00005,-0.00161, 0.00098, 0.00088,buy
2019-04-15,0,0,0,0,0,0,0,1,0,0,1,-0.00308, 0.00005,-0.00161, 0.00098, 0.00088,buy
2019-04-16,0,0,0,0,0,0,0,1,0,0,1,-0.00308, 0.00005,-0.00161, 0.00098, 0.00088,buy
2019-04-17,0,0,0,0,0,0,0,1,0,0,1,-0.00308, 0.00005,-0.00161, 0.00098, 0.00088,buy
2019-04-18,0,0,0,0,0,0,0,1,0,0,1,-0.00308, 0.00005,-0.00161, 0.00098, 0.00088,buy
2019-04-19,0,0,0,0,0,0,0,1,0,0,1,-0.00308, 0.00005,-0.00161, 0.00098, 0.00088,buy
2019-04-20,0,0,0,0,0,0,0,1,0,0,1,-0.00308, 0.00005,-0.00161, 0.00098, 0.00088,buy
2019-04-21,0,0,0,0,0,0,0,1,0,0,1,-0.00308, 0.00005,-0.00161, 0.00098, 0.00088,buy
2019-05-25,0,0,0,0,0,0,1,0,0,0,1, 0.00420, 0.00097, 0.00104, 0.00140, 0.00050,buy
2019-05-26,0,0,0,0,0,0,1,0,0,0,1, 0.00420, 0.00097, 0.00104, 0.00140, 0.00050,buy
2019-05-27,0,0,0,0,0,0,1,0,0,0,1, 0.00420, 0.00097, 0.00104, 0.00140, 0.00050,buy
2019-05-28,0,0,0,0,0,0,1,0,0,0,1, 0.00420, 0.00097, 0.00104, 0.00140, 0.00050,buy
2019-05-29,0,0,0,0,0,0,1,0,0,0,1, 0.00420, 0.00097, 0.00104, 0.00140, 0.00050,buy
2019-05-30,0,0,0,0,0,0,1,0,0,0,1, 0.00420, 0.00097, 0.00104, 0.00140, 0.00050,buy
2019-05-31,0,0,0,0,0,0,1,0,0,0,1, 0.00420, 0.00097, 0.00104, 0.00140, 0.00050,buy
2019-06-01,0,0,0,0,0,0,1,0,0,0,1, 0.00420, 0.00097, 0.00104, 0.00140, 0.00050,buy
2019-06-02,0,0,0,0,0,0,1,0,0,0,1, 0.00420, 0.00097, 0.00104, 0.00140, 0.00050,buy
2019-06-03,0,0,0,0,0,0,1,0,0,0,1, 0.00420, 0.00097, 0.00104, 0.00140, 0.00050,buy
2019-06-04,0,0,0,0,0,0,1,0,0,0,1, 0.00420, 0.00097, 0.00104, 0.00140, 0.00050,buy
2019-06-05,0,0,0,0,0,0,1,0,0,0,1, 0.00420, 0.00097, 0.00104, 0.00140, 0.00050,buy
2019-06-06,0,0,0,0,0,0,1,0,0,0,1, 0.00420, 0.00097, 0.00104, 0.00140, 0.00050,buy
2019-06-07,0,0,0,0,0,0,1,0,0,0,1, 0.00420, 0.00097, 0.00104, 0.00140, 0.00050,buy
2019-08-27,1,0,0,0,0,0,0,0,0,0,1, 0.00054,-0.00271, 0.00585,-0.00173,-0.00217,buy
2019-08-28,1,0,0,0,0,0,0,0,0,0,1, 0.00054,-0.00271, 0.00585,-0.00173,-0.00217,buy
2019-08-29,1,0,0,0,0,0,0,0,0,0,1, 0.00054,-0.00271, 0.00585,-0.00173,-0.00217,buy
2019-08-30,1,0,0,0,0,0,0,0,0,0,1, 0.00054,-0.00271, 0.00585,-0.00173,-0.00217,buy
2019-08-31,1,0,0,0,0,0,0,0,0,0,1, 0.00054,-0.00271, 0.00585,-0.00173,-0.00217,buy
2019-09-01,1,0,0,0,0,0,0,0,0,0,1, 0.00054,-0.00271, 0.00585,-0.00173,-0.00217,buy
2019-09-02,1,0,0,0,0,0,0,0,0,0,1, 0.00054,-0.00271, 0.00585,-0.00173,-0.00217,buy
2019-09-03,1,0,0,0,0,0,0,0,0,0,1, 0.00054,-0.00271, 0.00585,-0.00173,-0.00217,buy
2019-09-04,1,0,0,0,0,0,0,0,0,0,1, 0.00054,-0.00271, 0.00585,-0.00173,-0.00217,buy
2019-09-05,1,0,0,0,0,0,0,0,0,0,1, 0.00054,-0.00271, 0.00585,-0.00173,-0.00217,buy
2019-09-06,1,0,0,0,0,0,0,0,0,0,1, 0.00054,-0.00271, 0.00585,-0.00173,-0.00217,buy
2019-09-07,1,0,0,0,0,0,0,0,0,0,1, 0.00054,-0.00271, 0.00585,-0.00173,-0.00217,buy
2019-09-08,1,0,0,0,0,0,0,0,0,0,1, 0.00054,-0.00271, 0.00585,-0.00173,-0.00217,buy
2019-11-23,0,0,0,0,0,0,1,0,0,0,1, 0.00420, 0.00097, 0.00104, 0.00140, 0.00050,buy
2019-11-24,0,0,0,0,0,0,1,0,0,0,1, 0.00420, 0.00097, 0.00104, 0.00140, 0.00050,buy
2019-11-25,0,0,0,0,0,0,1,0,0,0,1, 0.00420, 0.00097, 0.00104, 0.00140, 0.00050,buy
2019-11-26,0,0,0,0,0,0,1,0,0,0,1, 0.00420, 0.00097, 0.00104, 0.00140, 0.00050,buy
2019-11-27,0,0,0,0,0,0,1,0,0,0,1, 0.00420, 0.00097, 0.00104, 0.00140, 0.00050,buy
2019-11-28,0,0,0,0,0,0,1,0,0,0,1, 0.00420, 0.00097, 0.00104, 0.00140, 0.00050,buy
2019-11-29,0,0,0,0,0,0,1,0,0,0,1, 0.00420, 0.00097, 0.00104, 0.00140, 0.00050,buy
2019-11-30,0,0,0,0,0,0,1,0,0,0,1, 0.00420, 0.00097, 0.00104, 0.00140, 0.00050,buy
2019-12-01,0,0,0,0,0,0,1,0,0,0,1, 0.00420, 0.00097, 0.00104, 0.00140, 0.00050,buy
2019-12-02,0,0,0,0,0,0,1,0,0,0,1, 0.00420, 0.00097, 0.00104, 0.00140, 0.00050,buy
2019-12-03,0,0,0,0,0,0,1,0,0,0,1, 0.00420, 0.00097, 0.00104, 0.00140, 0.00050,buy
2019-12-04,0,0,0,0,0,0,1,0,0,0,1, 0.00420, 0.00097, 0.00104, 0.00140, 0.00050,buy
2020-01-05,0,0,0,0,0,0,0,1,0,0,1,-0.00308, 0.00005,-0.00161, 0.00098, 0.00088,buy
2020-01-06,0,0,0,0,0,0,0,1,0,0,1,-0.00308, 0.00005,-0.00161, 0.00098, 0.00088,buy
2020-01-07,0,0,0,0,0,0,0,1,0,0,1,-0.00308, 0.00005,-0.00161, 0.00098, 0.00088,buy
2020-01-08,0,0,0,0,0,0,0,1,0,0,1,-0.00308, 0.00005,-0.00161, 0.00098, 0.00088,buy
2020-01-09,0,0,0,0,0,0,0,1,0,0,1,-0.00308, 0.00005,-0.00161, 0.00098, 0.00088,buy
2020-01-10,0,0,0,0,0,0,0,1,0,0,1,-0.00308, 0.00005,-0.00161, 0.00098, 0.00088,buy
2020-01-11,0,0,0,0,0,0,0,1,0,0,1,-0.00308, 0.00005,-0.00161, 0.00098, 0.00088,buy
2020-01-12,0,0,0,0,0,0,0,1,0,0,1,-0.00308, 0.00005,-0.00161, 0.00098, 0.00088,buy
2020-01-13,0,0,0,0,0,0,0,1,0,0,1,-0.00308, 0.00005,-0.00161, 0.00098, 0.00088,buy
2020-01-14,0,0,0,0,0,0,0,1,0,0,1,-0.00308, 0.00005,-0.00161, 0.00098, 0.00088,buy
2020-01-15,0,0,0,0,0,0,0,1,0,0,1,-0.00308, 0.00005,-0.00161, 0.00098, 0.00088,buy
2020-01-16,0,0,0,0,0,0,0,1,0,0,1,-0.00308, 0.00005,-0.00161, 0.00098, 0.00088,buy
2020-02-18,0,0,0,0,0,0,0,0,1,0,1, 0.00598, 0.00591, 0.00752, 0.00532, 0.01134,sell
2020-02-19,0,0,0,0,0,0,0,0,1,0,1, 0.00598, 0.00591, 0.00752, 0.00532, 0.01134,sell
2020-02-20,0,0,0,0,0,0,0,0,1,0,1, 0.00598, 0.00591, 0.00752, 0.00532, 0.01134,sell
2020-02-21,0,0,0,0,0,0,0,0,1,0,1, 0.00598, 0.00591, 0.00752, 0.00532, 0.01134,sell
2020-02-22,0,0,0,0,0,0,0,0,1,0,1, 0.00598, 0.00591, 0.00752, 0.00532, 0.01134,sell
2020-02-23,0,0,0,0,0,0,0,0,1,0,1, 0.00598, 0.00591, 0.00752, 0.00532, 0.01134,sell
2020-02-24,0,0,0,0,0,0,0,0,1,0,1, 0.00598, 0.00591, 0.00752, 0.00532, 0.01134,sell
2020-02-25,0,0,0,0,0,0,0,0,1,0,1, 0.00598, 0.00591, 0.00752, 0.00532, 0.01134,sell
2020-02-26,0,0,0,0,0,0,0,0,1,0,1, 0.00598, 0.00591, 0.00752, 0.00532, 0.01134,sell
2020-02-27,0,0,0,0,0,0,0,0,1,0,1, 0.00598, 0.00591, 0.00752, 0.00532, 0.01134,sell
2020-02-28,0,0,0,0,0,0,0,0,1,0,1, 0.00598, 0.00591, 0.00752, 0.00532, 0.01134,sell
2020-02-29,0,0,0,0,0,0,0,0,1,0,1, 0.00598, 0.00591, 0.00752, 0.00532, 0.01134,sell
2020-03-01,0,0,0,0,0,0,0,0,1,0,1, 0.00598, 0.00591, 0.00752, 0.00532, 0.01134,sell
2020-03-02,0,0,0,0,0,0,0,0,1,0,1, 0.00598, 0.00591, 0.00752, 0.00532, 0.01134,sell
2020-05-31,0,0,0,0,0,0,0,0,0,1,1,-0.00181,-0.00325,-0.00222,-0.00232,-0.00265,buy
2020-06-01,0,0,0,0,0,0,0,0,0,1,1,-0.00181,-0.00325,-0.00222,-0.00232,-0.00265,buy
2020-06-02,0,0,0,0,0,0,0,0,0,1,1,-0.00181,-0.00325,-0.00222,-0.00232,-0.00265,buy
2020-06-03,0,0,0,0,0,0,0,0,0,1,1,-0.00181,-0.00325,-0.00222,-0.00232,-0.00265,buy
2020-06-04,0,0,0,0,0,0,0,0,0,1,1,-0.00181,-0.00325,-0.00222,-0.00232,-0.00265,buy
2020-06-05,0,0,0,0,0,0,0,0,0,1,1,-0.00181,-0.00325,-0.00222,-0.00232,-0.00265,buy
2020-06-06,0,0,0,0,0,0,0,0,0,1,1,-0.00181,-0.00325,-0.00222,-0.00232,-0.00265,buy
2020-06-07,0,0,0,0,0,0,0,0,0,1,1,-0.00181,-0.00325,-0.00222,-0.00232,-0.00265,buy
2020-06-08,0,0,0,0,0,0,0,0,0,1,1,-0.00181,-0.00325,-0.00222,-0.00232,-0.00265,buy
2020-06-09,0,0,0,0,0,0,0,0,0,1,1,-0.00181,-0.00325,-0.00222,-0.00232,-0.00265,buy
2020-06-10,0,0,0,0,0,0,0,0,0,1,1,-0.00181,-0.00325,-0.00222,-0.00232,-0.00265,buy
2020-06-11,0,0,0,0,0,0,0,0,0,1,1,-0.00181,-0.00325,-0.00222,-0.00232,-0.00265,buy
2020-06-12,0,0,0,0,0,0,0,0,0,1,1,-0.00181,-0.00325,-0.00222,-0.00232,-0.00265,buy
2020-06-13,0,0,0,0,0,0,0,0,0,1,1,-0.00181,-0.00325,-0.00222,-0.00232,-0.00265,buy
2020-07-09,0,1,0,0,0,0,0,0,0,0,1, 0.00012, 0.00055, 0.00170, 0.00382,-0.00090,buy
2020-07-10,0,1,0,0,0,0,0,0,0,0,1, 0.00012, 0.00055, 0.00170, 0.00382,-0.00090,buy
2020-07-11,0,1,0,0,0,0,0,0,0,0,1, 0.00012, 0.00055, 0.00170, 0.00382,-0.00090,buy
2020-07-12,0,1,0,0,0,0,0,0,0,0,1, 0.00012, 0.00055, 0.00170, 0.00382,-0.00090,buy
2020-07-13,0,1,0,0,0,0,0,0,0,0,1, 0.00012, 0.00055, 0.00170, 0.00382,-0.00090,buy
2020-07-14,0,1,0,0,0,0,0,0,0,0,1, 0.00012, 0.00055, 0.00170, 0.00382,-0.00090,buy
2020-07-15,0,1,0,0,0,0,0,0,0,0,1, 0.00012, 0.00055, 0.00170, 0.00382,-0.00090,buy
2020-07-16,0,1,0,0,0,0,0,0,0,0,1, 0.00012, 0.00055, 0.00170, 0.00382,-0.00090,buy
2020-07-17,0,1,0,0,0,0,0,0,0,0,1, 0.00012, 0.00055, 0.00170, 0.00382,-0.00090,buy
2020-07-18,0,1,0,0,0,0,0,0,0,0,1, 0.00012, 0.00055, 0.00170, 0.00382,-0.00090,buy
2020-07-19,0,1,0,0,0,0,0,0,0,0,1, 0.00012, 0.00055, 0.00170, 0.00382,-0.00090,buy
2020-08-13,0,0,1,0,0,0,0,0,0,0,1,-0.00098, 0.00358, 0.00797, 0.00209, 0.00276,buy
2020-08-14,0,0,1,0,0,0,0,0,0,0,1,-0.00098, 0.00358, 0.00797, 0.00209, 0.00276,buy
2020-08-15,0,0,1,0,0,0,0,0,0,0,1,-0.00098, 0.00358, 0.00797, 0.00209, 0.00276,buy
2020-08-16,0,0,1,0,0,0,0,0,0,0,1,-0.00098, 0.00358, 0.00797, 0.00209, 0.00276,buy
2020-08-17,0,0,1,0,0,0,0,0,0,0,1,-0.00098, 0.00358, 0.00797, 0.00209, 0.00276,buy
2020-08-18,0,0,1,0,0,0,0,0,0,0,1,-0.00098, 0.00358, 0.00797, 0.00209, 0.00276,buy
2020-08-19,0,0,1,0,0,0,0,0,0,0,1,-0.00098, 0.00358, 0.00797, 0.00209, 0.00276,buy
2020-09-02,0,0,0,1,0,0,0,0,0,0,1, 0.00539,-0.00128,-0.00029, 0.00320, 0.00118,buy
2020-09-03,0,0,0,1,0,0,0,0,0,0,1, 0.00539,-0.00128,-0.00029, 0.00320, 0.00118,buy
2020-09-04,0,0,0,1,0,0,0,0,0,0,1, 0.00539,-0.00128,-0.00029, 0.00320, 0.00118,buy
2020-09-05,0,0,0,1,0,0,0,0,0,0,1, 0.00539,-0.00128,-0.00029, 0.00320, 0.00118,buy
2020-09-06,0,0,0,1,0,0,0,0,0,0,1, 0.00539,-0.00128,-0.00029, 0.00320, 0.00118,buy
2020-09-07,0,0,0,1,0,0,0,0,0,0,1, 0.00539,-0.00128,-0.00029, 0.00320, 0.00118,buy
2020-09-18,0,0,0,0,1,0,0,0,0,0,1,-0.00418,-0.00515,-0.00261,-0.00489,-0.00514,buy
2020-09-19,0,0,0,0,1,0,0,0,0,0,1,-0.00418,-0.00515,-0.00261,-0.00489,-0.00514,buy
2020-09-20,0,0,0,0,1,0,0,0,0,0,1,-0.00418,-0.00515,-0.00261,-0.00489,-0.00514,buy
2020-09-21,0,0,0,0,1,0,0,0,0,0,1,-0.00418,-0.00515,-0.00261,-0.00489,-0.00514,buy
2020-10-12,0,0,0,0,0,1,0,0,0,0,1, 0.00147, 0.00135, 0.00511, 0.00178, 0.00080,buy
2020-10-13,0,0,0,0,0,1,0,0,0,0,1, 0.00147, 0.00135, 0.00511, 0.00178, 0.00080,buy
2020-10-14,0,0,0,0,0,1,0,0,0,0,1, 0.00147, 0.00135, 0.00511, 0.00178, 0.00080,buy
2020-10-15,0,0,0,0,0,1,0,0,0,0,1, 0.00147, 0.00135, 0.00511, 0.00178, 0.00080,buy
2020-11-05,0,0,0,0,1,0,0,0,0,0,1,-0.00418,-0.00515,-0.00261,-0.00489,-0.00514,buy
2020-11-06,0,0,0,0,1,0,0,0,0,0,1,-0.00418,-0.00515,-0.00261,-0.00489,-0.00514,buy
2020-11-07,0,0,0,0,1,0,0,0,0,0,1,-0.00418,-0.00515,-0.00261,-0.00489,-0.00514,buy
2020-11-08,0,0,0,0,1,0,0,0,0,0,1,-0.00418,-0.00515,-0.00261,-0.00489,-0.00514,buy
2020-11-09,0,0,0,0,1,0,0,0,0,0,1,-0.00418,-0.00515,-0.00261,-0.00489,-0.00514,buy
2020-11-20,0,0,0,1,0,0,0,0,0,0,1, 0.00539,-0.00128,-0.00029, 0.00320, 0.00118,buy
2020-11-21,0,0,0,1,0,0,0,0,0,0,1, 0.00539,-0.00128,-0.00029, 0.00320, 0.00118,buy
2020-11-22,0,0,0,1,0,0,0,0,0,0,1, 0.00539,-0.00128,-0.00029, 0.00320, 0.00118,buy
2020-11-23,0,0,0,1,0,0,0,0,0,0,1, 0.00539,-0.00128,-0.00029, 0.00320, 0.00118,buy
2020-11-24,0,0,0,1,0,0,0,0,0,0,1, 0.00539,-0.00128,-0.00029, 0.00320, 0.00118,buy
2020-12-08,0,0,1,0,0,0,0,0,0,0,1,-0.00098, 0.00358, 0.00797, 0.00209, 0.00276,buy
2020-12-09,0,0,1,0,0,0,0,0,0,0,1,-0.00098, 0.00358, 0.00797, 0.00209, 0.00276,buy
2020-12-10,0,0,1,0,0,0,0,0,0,0,1,-0.00098, 0.00358, 0.00797, 0.00209, 0.00276,buy
2020-12-11,0,0,1,0,0,0,0,0,0,0,1,-0.00098, 0.00358, 0.00797, 0.00209, 0.00276,buy
2020-12-12,0,0,1,0,0,0,0,0,0,0,1,-0.00098, 0.00358, 0.00797, 0.00209, 0.00276,buy
2020-12-13,0,0,1,0,0,0,0,0,0,0,1,-0.00098, 0.00358, 0.00797, 0.00209, 0.00276,buy
2020-12-14,0,0,1,0,0,0,0,0,0,0,1,-0.00098, 0.00358, 0.00797, 0.00209, 0.00276,buy
2021-01-03,0,1,0,0,0,0,0,0,0,0,1, 0.00012, 0.00055, 0.00170, 0.00382,-0.00090,buy
2021-01-04,0,1,0,0,0,0,0,0,0,0,1, 0.00012, 0.00055, 0.00170, 0.00382,-0.00090,buy
2021-01-05,0,1,0,0,0,0,0,0,0,0,1, 0.00012, 0.00055, 0.00170, 0.00382,-0.00090,buy
2021-01-06,0,1,0,0,0,0,0,0,0,0,1, 0.00012, 0.00055, 0.00170, 0.00382,-0.00090,buy
2021-01-07,0,1,0,0,0,0,0,0,0,0,1, 0.00012, 0.00055, 0.00170, 0.00382,-0.00090,buy
2021-01-08,0,1,0,0,0,0,0,0,0,0,1, 0.00012, 0.00055, 0.00170, 0.00382,-0.00090,buy
2021-01-09,0,1,0,0,0,0,0,0,0,0,1, 0.00012, 0.00055, 0.00170, 0.00382,-0.00090,buy
2021-01-10,0,1,0,0,0,0,0,0,0,0,1, 0.00012, 0.00055, 0.00170, 0.00382,-0.00090,buy
2021-01-28,0,0,0,0,0,0,0,0,0,1,1,-0.00181,-0.00325,-0.00222,-0.00232,-0.00265,buy
2021-01-29,0,0,0,0,0,0,0,0,0,1,1,-0.00181,-0.00325,-0.00222,-0.00232,-0.00265,buy
2021-01-30,0,0,0,0,0,0,0,0,0,1,1,-0.00181,-0.00325,-0.00222,-0.00232,-0.00265,buy
2021-01-31,0,0,0,0,0,0,0,0,0,1,1,-0.00181,-0.00325,-0.00222,-0.00232,-0.00265,buy
2021-02-01,0,0,0,0,0,0,0,0,0,1,1,-0.00181,-0.00325,-0.00222,-0.00232,-0.00265,buy
2021-02-02,0,0,0,0,0,0,0,0,0,1,1,-0.00181,-0.00325,-0.00222,-0.00232,-0.00265,buy
2021-02-03,0,0,0,0,0,0,0,0,0,1,1,-0.00181,-0.00325,-0.00222,-0.00232,-0.00265,buy
2021-02-04,0,0,0,0,0,0,0,0,0,1,1,-0.00181,-0.00325,-0.00222,-0.00232,-0.00265,buy
2021-02-05,0,0,0,0,0,0,0,0,0,1,1,-0.00181,-0.00325,-0.00222,-0.00232,-0.00265,buy
2021-04-08,0,0,0,0,0,0,0,0,1,0,1, 0.00598, 0.00591, 0.00752, 0.00532, 0.01134,sell
2021-04-09,0,0,0,0,0,0,0,0,1,0,1, 0.00598, 0.00591, 0.00752, 0.00532, 0.01134,sell
2021-04-10,0,0,0,0,0,0,0,0,1,0,1, 0.00598, 0.00591, 0.00752, 0.00532, 0.01134,sell
2021-04-11,0,0,0,0,0,0,0,0,1,0,1, 0.00598, 0.00591, 0.00752, 0.00532, 0.01134,sell
2021-04-12,0,0,0,0,0,0,0,0,1,0,1, 0.00598, 0.00591, 0.00752, 0.00532, 0.01134,sell
2021-04-13,0,0,0,0,0,0,0,0,1,0,1, 0.00598, 0.00591, 0.00752, 0.00532, 0.01134,sell
2021-04-14,0,0,0,0,0,0,0,0,1,0,1, 0.00598, 0.00591, 0.00752, 0.00532, 0.01134,sell
2021-04-15,0,0,0,0,0,0,0,0,1,0,1, 0.00598, 0.00591, 0.00752, 0.00532, 0.01134,sell
2021-04-16,0,0,0,0,0,0,0,0,1,0,1, 0.00598, 0.00591, 0.00752, 0.00532, 0.01134,sell
2021-04-17,0,0,0,0,0,0,0,0,1,0,1, 0.00598, 0.00591, 0.00752, 0.00532, 0.01134,sell
2021-04-18,0,0,0,0,0,0,0,0,1,0,1, 0.00598, 0.00591, 0.00752, 0.00532, 0.01134,sell
2021-04-19,0,0,0,0,0,0,0,0,1,0,1, 0.00598, 0.00591, 0.00752, 0.00532, 0.01134,sell
2021-05-19,0,0,0,0,0,0,0,1,0,0,1,-0.00308, 0.00005,-0.00161, 0.00098, 0.00088,buy
2021-05-20,0,0,0,0,0,0,0,1,0,0,1,-0.00308, 0.00005,-0.00161, 0.00098, 0.00088,buy
2021-05-21,0,0,0,0,0,0,0,1,0,0,1,-0.00308, 0.00005,-0.00161, 0.00098, 0.00088,buy
2021-05-22,0,0,0,0,0,0,0,1,0,0,1,-0.00308, 0.00005,-0.00161, 0.00098, 0.00088,buy
2021-05-23,0,0,0,0,0,0,0,1,0,0,1,-0.00308, 0.00005,-0.00161, 0.00098, 0.00088,buy
2021-05-24,0,0,0,0,0,0,0,1,0,0,1,-0.00308, 0.00005,-0.00161, 0.00098, 0.00088,buy
2021-05-25,0,0,0,0,0,0,0,1,0,0,1,-0.00308, 0.00005,-0.00161, 0.00098, 0.00088,buy
2021-05-26,0,0,0,0,0,0,0,1,0,0,1,-0.00308, 0.00005,-0.00161, 0.00098, 0.00088,buy
2021-05-27,0,0,0,0,0,0,0,1,0,0,1,-0.00308, 0.00005,-0.00161, 0.00098, 0.00088,buy
2021-05-28,0,0,0,0,0,0,0,1,0,0,1,-0.00308, 0.00005,-0.00161, 0.00098, 0.00088,buy
2021-05-29,0,0,0,0,0,0,0,1,0,0,1,-0.00308, 0.00005,-0.00161, 0.00098, 0.00088,buy
2021-05-30,0,0,0,0,0,0,0,1,0,0,1,-0.00308, 0.00005,-0.00161, 0.00098, 0.00088,buy
2021-05-31,0,0,0,0,0,0,0,1,0,0,1,-0.00308, 0.00005,-0.00161, 0.00098, 0.00088,buy
2021-07-02,0,0,0,0,0,0,1,0,0,0,1, 0.00420, 0.00097, 0.00104, 0.00140, 0.00050,buy
2021-07-03,0,0,0,0,0,0,1,0,0,0,1, 0.00420, 0.00097, 0.00104, 0.00140, 0.00050,buy
2021-07-04,0,0,0,0,0,0,1,0,0,0,1, 0.00420, 0.00097, 0.00104, 0.00140, 0.00050,buy
2021-07-05,0,0,0,0,0,0,1,0,0,0,1, 0.00420, 0.00097, 0.00104, 0.00140, 0.00050,buy
2021-07-06,0,0,0,0,0,0,1,0,0,0,1, 0.00420, 0.00097, 0.00104, 0.00140, 0.00050,buy
2021-07-07,0,0,0,0,0,0,1,0,0,0,1, 0.00420, 0.00097, 0.00104, 0.00140, 0.00050,buy
2021-07-08,0,0,0,0,0,0,1,0,0,0,1, 0.00420, 0.00097, 0.00104, 0.00140, 0.00050,buy
2021-07-09,0,0,0,0,0,0,1,0,0,0,1, 0.00420, 0.00097, 0.00104, 0.00140, 0.00050,buy
2021-07-10,0,0,0,0,0,0,1,0,0,0,1, 0.00420, 0.00097, 0.00104, 0.00140, 0.00050,buy
2021-07-11,0,0,0,0,0,0,1,0,0,0,1, 0.00420, 0.00097, 0.00104, 0.00140, 0.00050,buy
2021-07-12,0,0,0,0,0,0,1,0,0,0,1, 0.00420, 0.00097, 0.00104, 0.00140, 0.00050,buy
2021-07-13,0,0,0,0,0,0,1,0,0,0,1, 0.00420, 0.00097, 0.00104, 0.00140, 0.00050,buy
2021-07-14,0,0,0,0,0,0,1,0,0,0,1, 0.00420, 0.00097, 0.00104, 0.00140, 0.00050,buy
2021-10-02,1,0,0,0,0,0,0,0,0,0,1, 0.00054,-0.00271, 0.00585,-0.00173,-0.00217,buy
2021-10-03,1,0,0,0,0,0,0,0,0,0,1, 0.00054,-0.00271, 0.00585,-0.00173,-0.00217,buy
2021-10-04,1,0,0,0,0,0,0,0,0,0,1, 0.00054,-0.00271, 0.00585,-0.00173,-0.00217,buy
2021-10-05,1,0,0,0,0,0,0,0,0,0,1, 0.00054,-0.00271, 0.00585,-0.00173,-0.00217,buy
2021-10-06,1,0,0,0,0,0,0,0,0,0,1, 0.00054,-0.00271, 0.00585,-0.00173,-0.00217,buy
2021-10-07,1,0,0,0,0,0,0,0,0,0,1, 0.00054,-0.00271, 0.00585,-0.00173,-0.00217,buy
2021-10-08,1,0,0,0,0,0,0,0,0,0,1, 0.00054,-0.00271, 0.00585,-0.00173,-0.00217,buy
2021-10-09,1,0,0,0,0,0,0,0,0,0,1, 0.00054,-0.00271, 0.00585,-0.00173,-0.00217,buy
2021-10-10,1,0,0,0,0,0,0,0,0,0,1, 0.00054,-0.00271, 0.00585,-0.00173,-0.00217,buy
2021-10-11,1,0,0,0,0,0,0,0,0,0,1, 0.00054,-0.00271, 0.00585,-0.00173,-0.00217,buy
2021-10-12,1,0,0,0,0,0,0,0,0,0,1, 0.00054,-0.00271, 0.00585,-0.00173,-0.00217,buy
2021-10-13,1,0,0,0,0,0,0,0,0,0,1, 0.00054,-0.00271, 0.00585,-0.00173,-0.00217,buy
2021-10-14,1,0,0,0,0,0,0,0,0,0,1, 0.00054,-0.00271, 0.00585,-0.00173,-0.00217,buy
2022-01-02,0,0,0,0,0,0,1,0,0,0,1, 0.00420, 0.00097, 0.00104, 0.00140, 0.00050,buy
2022-01-03,0,0,0,0,0,0,1,0,0,0,1, 0.00420, 0.00097, 0.00104, 0.00140, 0.00050,buy
2022-01-04,0,0,0,0,0,0,1,0,0,0,1, 0.00420, 0.00097, 0.00104, 0.00140, 0.00050,buy
2022-01-05,0,0,0,0,0,0,1,0,0,0,1, 0.00420, 0.00097, 0.00104, 0.00140, 0.00050,buy
2022-01-06,0,0,0,0,0,0,1,0,0,0,1, 0.00420, 0.00097, 0.00104, 0.00140, 0.00050,buy
2022-01-07,0,0,0,0,0,0,1,0,0,0,1, 0.00420, 0.00097, 0.00104, 0.00140, 0.00050,buy
2022-01-08,0,0,0,0,0,0,1,0,0,0,1, 0.00420, 0.00097, 0.00104, 0.00140, 0.00050,buy
2022-01-09,0,0,0,0,0,0,1,0,0,0,1, 0.00420, 0.00097, 0.00104, 0.00140, 0.00050,buy
2022-01-10,0,0,0,0,0,0,1,0,0,0,1, 0.00420, 0.00097, 0.00104, 0.00140, 0.00050,buy
2022-01-11,0,0,0,0,0,0,1,0,0,0,1, 0.00420, 0.00097, 0.00104, 0.00140, 0.00050,buy
2022-01-12,0,0,0,0,0,0,1,0,0,0,1, 0.00420, 0.00097, 0.00104, 0.00140, 0.00050,buy
2022-01-13,0,0,0,0,0,0,1,0,0,0,1, 0.00420, 0.00097, 0.00104, 0.00140, 0.00050,buy
2022-01-14,0,0,0,0,0,0,1,0,0,0,1, 0.00420, 0.00097, 0.00104, 0.00140, 0.00050,buy
2022-01-15,0,0,0,0,0,0,1,0,0,0,1, 0.00420, 0.00097, 0.00104, 0.00140, 0.00050,buy
2022-01-16,0,0,0,0,0,0,1,0,0,0,1, 0.00420, 0.00097, 0.00104, 0.00140, 0.00050,buy
2022-02-24,0,0,0,0,0,0,0,1,0,0,1,-0.00308, 0.00005,-0.00161, 0.00098, 0.00088,buy
2022-02-25,0,0,0,0,0,0,0,1,0,0,1,-0.00308, 0.00005,-0.00161, 0.00098, 0.00088,buy
2022-02-26,0,0,0,0,0,0,0,1,0,0,1,-0.00308, 0.00005,-0.00161, 0.00098, 0.00088,buy
2022-02-27,0,0,0,0,0,0,0,1,0,0,1,-0.00308, 0.00005,-0.00161, 0.00098, 0.00088,buy
2022-02-28,0,0,0,0,0,0,0,1,0,0,1,-0.00308, 0.00005,-0.00161, 0.00098, 0.00088,buy
2022-03-01,0,0,0,0,0,0,0,1,0,0,1,-0.00308, 0.00005,-0.00161, 0.00098, 0.00088,buy
2022-03-02,0,0,0,0,0,0,0,1,0,0,1,-0.00308, 0.00005,-0.00161, 0.00098, 0.00088,buy
2022-03-03,0,0,0,0,0,0,0,1,0,0,1,-0.00308, 0.00005,-0.00161, 0.00098, 0.00088,buy
2022-03-04,0,0,0,0,0,0,0,1,0,0,1,-0.00308, 0.00005,-0.00161, 0.00098, 0.00088,buy
2022-03-05,0,0,0,0,0,0,0,1,0,0,1,-0.00308, 0.00005,-0.00161, 0.00098, 0.00088,buy
2022-03-06,0,0,0,0,0,0,0,1,0,0,1,-0.00308, 0.00005,-0.00161, 0.00098, 0.00088,buy
2022-03-07,0,0,0,0,0,0,0,1,0,0,1,-0.00308, 0.00005,-0.00161, 0.00098, 0.00088,buy
2022-03-08,0,0,0,0,0,0,0,1,0,0,1,-0.00308, 0.00005,-0.00161, 0.00098, 0.00088,buy
2022-03-09,0,0,0,0,0,0,0,1,0,0,1,-0.00308, 0.00005,-0.00161, 0.00098, 0.00088,buy
2022-03-10,0,0,0,0,0,0,0,1,0,0,1,-0.00308, 0.00005,-0.00161, 0.00098, 0.00088,buy
2022-03-11,0,0,0,0,0,0,0,1,0,0,1,-0.00308, 0.00005,-0.00161, 0.00098, 0.00088,buy
2022-04-28,0,0,0,0,0,0,0,0,1,0,1, 0.00598, 0.00591, 0.00752, 0.00532, 0.01134,sell
2022-04-29,0,0,0,0,0,0,0,0,1,0,1, 0.00598, 0.00591, 0.00752, 0.00532, 0.01134,sell
2022-04-30,0,0,0,0,0,0,0,0,1,0,1, 0.00598, 0.00591, 0.00752, 0.00532, 0.01134,sell
2022-05-01,0,0,0,0,0,0,0,0,1,0,1, 0.00598, 0.00591, 0.00752, 0.00532, 0.01134,sell
2022-05-02,0,0,0,0,0,0,0,0,1,0,1, 0.00598, 0.00591, 0.00752, 0.00532, 0.01134,sell
2022-05-03,0,0,0,0,0,0,0,0,1,0,1, 0.00598, 0.00591, 0.00752, 0.00532, 0.01134,sell
2022-05-04,0,0,0,0,0,0,0,0,1,0,1, 0.00598, 0.00591, 0.00752, 0.00532, 0.01134,sell
2022-05-05,0,0,0,0,0,0,0,0,1,0,1, 0.00598, 0.00591, 0.00752, 0.00532, 0.01134,sell
2022-05-06,0,0,0,0,0,0,0,0,1,0,1, 0.00598, 0.00591, 0.00752, 0.00532, 0.01134,sell
2022-05-07,0,0,0,0,0,0,0,0,1,0,1, 0.00598, 0.00591, 0.00752, 0.00532, 0.01134,sell
2022-05-08,0,0,0,0,0,0,0,0,1,0,1, 0.00598, 0.00591, 0.00752, 0.00532, 0.01134,sell
2022-05-09,0,0,0,0,0,0,0,0,1,0,1, 0.00598, 0.00591, 0.00752, 0.00532, 0.01134,sell
2022-05-10,0,0,0,0,0,0,0,0,1,0,1, 0.00598, 0.00591, 0.00752, 0.00532, 0.01134,sell
2022-05-11,0,0,0,0,0,0,0,0,1,0,1, 0.00598, 0.00591, 0.00752, 0.00532, 0.01134,sell
2022-05-12,0,0,0,0,0,0,0,0,1,0,1, 0.00598, 0.00591, 0.00752, 0.00532, 0.01134,sell
2022-05-13,0,0,0,0,0,0,0,0,1,0,1, 0.00598, 0.00591, 0.00752, 0.00532, 0.01134,sell
2022-05-14,0,0,0,0,0,0,0,0,1,0,1, 0.00598, 0.00591, 0.00752, 0.00532, 0.01134,sell
2022-05-15,0,0,0,0,0,0,0,0,1,0,1, 0.00598, 0.00591, 0.00752, 0.00532, 0.01134,sell
2022-05-16,0,0,0,0,0,0,0,0,1,0,1, 0.00598, 0.00591, 0.00752, 0.00532, 0.01134,sell
2022-08-22,0,0,0,0,0,0,0,0,0,1,1,-0.00181,-0.00325,-0.00222,-0.00232,-0.00265,buy
2022-08-23,0,0,0,0,0,0,0,0,0,1,1,-0.00181,-0.00325,-0.00222,-0.00232,-0.00265,buy
2022-08-24,0,0,0,0,0,0,0,0,0,1,1,-0.00181,-0.00325,-0.00222,-0.00232,-0.00265,buy
2022-08-25,0,0,0,0,0,0,0,0,0,1,1,-0.00181,-0.00325,-0.00222,-0.00232,-0.00265,buy
2022-08-26,0,0,0,0,0,0,0,0,0,1,1,-0.00181,-0.00325,-0.00222,-0.00232,-0.00265,buy
2022-08-27,0,0,0,0,0,0,0,0,0,1,1,-0.00181,-0.00325,-0.00222,-0.00232,-0.00265,buy
2022-08-28,0,0,0,0,0,0,0,0,0,1,1,-0.00181,-0.00325,-0.00222,-0.00232,-0.00265,buy
2022-08-29,0,0,0,0,0,0,0,0,0,1,1,-0.00181,-0.00325,-0.00222,-0.00232,-0.00265,buy
2022-08-30,0,0,0,0,0,0,0,0,0,1,1,-0.00181,-0.00325,-0.00222,-0.00232,-0.00265,buy
2022-08-31,0,0,0,0,0,0,0,0,0,1,1,-0.00181,-0.00325,-0.00222,-0.00232,-0.00265,buy
2022-09-01,0,0,0,0,0,0,0,0,0,1,1,-0.00181,-0.00325,-0.00222,-0.00232,-0.00265,buy
2022-09-19,0,1,0,0,0,0,0,0,0,0,1, 0.00012, 0.00055, 0.00170, 0.00382,-0.00090,buy
2022-09-20,0,1,0,0,0,0,0,0,0,0,1, 0.00012, 0.00055, 0.00170, 0.00382,-0.00090,buy
2022-09-21,0,1,0,0,0,0,0,0,0,0,1, 0.00012, 0.00055, 0.00170, 0.00382,-0.00090,buy
2022-09-22,0,1,0,0,0,0,0,0,0,0,1, 0.00012, 0.00055, 0.00170, 0.00382,-0.00090,buy
2022-09-23,0,1,0,0,0,0,0,0,0,0,1, 0.00012, 0.00055, 0.00170, 0.00382,-0.00090,buy
2022-09-24,0,1,0,0,0,0,0,0,0,0,1, 0.00012, 0.00055, 0.00170, 0.00382,-0.00090,buy
2022-09-25,0,1,0,0,0,0,0,0,0,0,1, 0.00012, 0.00055, 0.00170, 0.00382,-0.00090,buy
2022-09-26,0,1,0,0,0,0,0,0,0,0,1, 0.00012, 0.00055, 0.00170, 0.00382,-0.00090,buy
2022-10-15,0,0,1,0,0,0,0,0,0,0,1,-0.00098, 0.00358, 0.00797, 0.00209, 0.00276,buy
2022-10-16,0,0,1,0,0,0,0,0,0,0,1,-0.00098, 0.00358, 0.00797, 0.00209, 0.00276,buy
2022-10-17,0,0,1,0,0,0,0,0,0,0,1,-0.00098, 0.00358, 0.00797, 0.00209, 0.00276,buy
2022-10-18,0,0,1,0,0,0,0,0,0,0,1,-0.00098, 0.00358, 0.00797, 0.00209, 0.00276,buy
2022-10-19,0,0,1,0,0,0,0,0,0,0,1,-0.00098, 0.00358, 0.00797, 0.00209, 0.00276,buy
2022-10-20,0,0,1,0,0,0,0,0,0,0,1,-0.00098, 0.00358, 0.00797, 0.00209, 0.00276,buy
2022-11-01,0,0,0,1,0,0,0,0,0,0,1, 0.00539,-0.00128,-0.00029, 0.00320, 0.00118,buy
2022-11-02,0,0,0,1,0,0,0,0,0,0,1, 0.00539,-0.00128,-0.00029, 0.00320, 0.00118,buy
2022-11-03,0,0,0,1,0,0,0,0,0,0,1, 0.00539,-0.00128,-0.00029, 0.00320, 0.00118,buy
2022-11-04,0,0,0,1,0,0,0,0,0,0,1, 0.00539,-0.00128,-0.00029, 0.00320, 0.00118,buy
2022-11-14,0,0,0,0,1,0,0,0,0,0,1,-0.00418,-0.00515,-0.00261,-0.00489,-0.00514,buy
2022-11-15,0,0,0,0,1,0,0,0,0,0,1,-0.00418,-0.00515,-0.00261,-0.00489,-0.00514,buy
2022-11-16,0,0,0,0,1,0,0,0,0,0,1,-0.00418,-0.00515,-0.00261,-0.00489,-0.00514,buy
2022-11-17,0,0,0,0,1,0,0,0,0,0,1,-0.00418,-0.00515,-0.00261,-0.00489,-0.00514,buy
2022-12-06,0,0,0,0,0,1,0,0,0,0,1, 0.00147, 0.00135, 0.00511, 0.00178, 0.00080,buy
2022-12-07,0,0,0,0,0,1,0,0,0,0,1, 0.00147, 0.00135, 0.00511, 0.00178, 0.00080,buy
2022-12-08,0,0,0,0,0,1,0,0,0,0,1, 0.00147, 0.00135, 0.00511, 0.00178, 0.00080,buy
2022-12-09,0,0,0,0,0,1,0,0,0,0,1, 0.00147, 0.00135, 0.00511, 0.00178, 0.00080,buy
2022-12-29,0,0,0,0,1,0,0,0,0,0,1,-0.00418,-0.00515,-0.00261,-0.00489,-0.00514,buy
2022-12-30,0,0,0,0,1,0,0,0,0,0,1,-0.00418,-0.00515,-0.00261,-0.00489,-0.00514,buy
2022-12-31,0,0,0,0,1,0,0,0,0,0,1,-0.00418,-0.00515,-0.00261,-0.00489,-0.00514,buy
